연번,업종명,업소명,소재지(도로명),데이터기준일
1,일반음식점,나래식당,충청북도 옥천군 안내면 현리3길 1,2026-09-16
2,일반음식점,중앙식당,충청북도 옥천군 군서면 동평4길 4,2026-09-16
3,일반음식점,풍미당,충청북도 옥천군 옥천읍 중앙로 23-1,2026-09-16
4,일반음식점,선광집,충청북도 옥천군 청산면 지전2길 14,2026-09-16
5,일반음식점,별미올갱이,충청북도 옥천군 옥천읍 삼금로2길 3-1,2026-09-16
6,일반음식점,류 집,충청북도 옥천군 청성면 산계길 52-1,2026-09-16
7,일반음식점,한양식당,충청북도 옥천군 군서면 동평1길 7-3,2026-09-16
8,일반음식점,청주본가 왕갈비탕,충청북도 옥천군 옥천읍 삼금로 41,2026-09-16
9,일반음식점,문정식당,충청북도 옥천군 옥천읍 향수3길 20,2026-09-16
10,일반음식점,경북식당,충청북도 옥천군 동이면 조령2길 14,2026-09-16
11,일반음식점,대구집,충청북도 옥천군 동이면 조령2길 8,2026-09-16
12,일반음식점,호수식당,충청북도 옥천군 안내면 장계1길 5,2026-09-16
13,일반음식점,일미해장국,충청북도 옥천군 옥천읍 금장로 105,2026-09-16
14,일반음식점,오진식당,충청북도 옥천군 옥천읍 중앙로1길 25,2026-09-16
15,일반음식점,서화식당,충청북도 옥천군 군서면 성왕로 459-5,2026-09-16
16,일반음식점,유창가든,충청북도 옥천군 군북면 성왕로 1696,2026-09-16
17,일반음식점,삼미식당,충청북도 옥천군 청산면 지전길 33-3,2026-09-16
18,일반음식점,삼거리 식당,충청북도 옥천군 청산면 교평길 1,2026-09-16
19,일반음식점,나그네회집,충청북도 옥천군 군북면 방아실길 139,2026-09-16
20,일반음식점,사계절,충청북도 옥천군 옥천읍 금장로 29-6,2026-09-16
21,일반음식점,옥천초량순대,충청북도 옥천군 옥천읍 금장로 22,2026-09-16
22,일반음식점,리옌,충청북도 옥천군 옥천읍 문장로3길 8-5,2026-09-16
23,일반음식점,뽕나무집,충청북도 옥천군 동이면 우산로 434,2026-09-16
24,일반음식점,은성식당,충청북도 옥천군 안내면 현리길 75,2026-09-16
25,일반음식점,금강올갱이,충청북도 옥천군 옥천읍 옥천로 1491,2026-09-16
26,일반음식점,환희가든,충청북도 옥천군 동이면 우산로2길 1,2026-09-16
27,일반음식점,부산식당,충청북도 옥천군 동이면 조령2길 23,2026-09-16
28,일반음식점,달달이 치킨,충청북도 옥천군 안내면 현리길 90,2026-09-16
29,일반음식점,강변회집,충청북도 옥천군 군북면 방아실길 140-40,2026-09-16
30,일반음식점,플라히에,충청북도 옥천군 안내면 장계1길 57-3,2026-09-16
31,일반음식점,자운성 짬뽕명가,충청북도 옥천군 옥천읍 중앙로10길 5,2026-09-16
32,일반음식점,옥천 염소맛집,"충청북도 옥천군 옥천읍 성왕로 1277 (,140번지)",2026-09-16
33,일반음식점,뜨락,충청북도 옥천군 옥천읍 삼양로7길 3-1,2026-09-16
34,일반음식점,서울찹쌀순대,충청북도 옥천군 옥천읍 삼금로3길 22,2026-09-16
35,일반음식점,소양강매운탕,충청북도 옥천군 안내면 성왕로 2259,2026-09-16
36,일반음식점,미락올갱이,충청북도 옥천군 옥천읍 중앙로10길 13,2026-09-16
37,일반음식점,이방인,충청북도 옥천군 옥천읍 중앙로3길 5,2026-09-16
38,일반음식점,태영생막창,충청북도 옥천군 옥천읍 삼양로7길 9-17,2026-09-16
39,일반음식점,유한회사 명가,충청북도 옥천군 옥천읍 성왕로 1169,2026-09-16
40,일반음식점,둘이네집,충청북도 옥천군 옥천읍 금장로 47-6,2026-09-16
41,일반음식점,만리향,충청북도 옥천군 옥천읍 금장로 47-6,2026-09-16
42,일반음식점,옥천묵집,충청북도 옥천군 옥천읍 향수7길 8,2026-09-16
43,일반음식점,약수터가든,충청북도 옥천군 옥천읍 지용로 194-10,2026-09-16
44,일반음식점,토박이식당,충청북도 옥천군 동이면 옥천동이로 665,2026-09-16
45,일반음식점,금강나루터식당,충청북도 옥천군 동이면 적하길 187,2026-09-16
46,일반음식점,등나무가든,충청북도 옥천군 안남면 안남로 993-3,2026-09-16
47,일반음식점,비에이치씨(BHC)치킨 옥천청산점,충청북도 옥천군 청산면 지전1길 34,2026-09-16
48,일반음식점,명성가든,충청북도 옥천군 이원면 신흥길 21,2026-09-16
49,일반음식점,금강횟집,충청북도 옥천군 군북면 방아실길 125-5,2026-09-16
50,일반음식점,리버뷰 고기섬,충청북도 옥천군 군북면 방아실길 140-44,2026-09-16
51,일반음식점,둥구나무횟집,충청북도 옥천군 군북면 방아실길 157,2026-09-16
52,일반음식점,만남식당,충청북도 옥천군 옥천읍 지용로 43,2026-09-16
53,일반음식점,장미왕족발보쌈,충청북도 옥천군 옥천읍 중앙로7길 8,2026-09-16
54,일반음식점,옛골,충청북도 옥천군 옥천읍 성왕로 1287,2026-09-16
55,일반음식점,우리집양념치킨,충청북도 옥천군 옥천읍 가화길 13,2026-09-16
56,일반음식점,현대반점,충청북도 옥천군 옥천읍 가화길 21,2026-09-16
57,일반음식점,강촌가든,충청북도 옥천군 동이면 적하길 205,2026-09-16
58,일반음식점,동신회관,충청북도 옥천군 청산면 지전길 47-11,2026-09-16
59,일반음식점,찐한식당,충청북도 옥천군 청산면 지전길 14,2026-09-16
60,일반음식점,장수식당,충청북도 옥천군 청산면 지전길 47-13,2026-09-16
61,일반음식점,구 금강집,충청북도 옥천군 이원면 신흥길 2,2026-09-16
62,일반음식점,개심촌,충청북도 옥천군 이원면 이원로 295,2026-09-16
63,일반음식점,장령산 가든,충청북도 옥천군 군서면 금산4길 31-1,2026-09-16
64,일반음식점,솔밭염소탕,충청북도 옥천군 군서면 금산2길 10,2026-09-16
65,일반음식점,금천가든,충청북도 옥천군 군서면 금산4길 15,2026-09-16
66,일반음식점,서낭재집,충청북도 옥천군 군북면 환산로 514,2026-09-16
67,일반음식점,방아실돼지집,충청북도 옥천군 군북면 방아실길 9,2026-09-16
68,일반음식점,꽃피는산골,충청북도 옥천군 군북면 비야대정로 687,2026-09-16
69,일반음식점,멕시카나옥천점,충청북도 옥천군 옥천읍 중앙로1길 20,2026-09-16
70,일반음식점,적덕식당,충청북도 옥천군 옥천읍 양수로 43,2026-09-16
71,일반음식점,군서식당,충청북도 옥천군 옥천읍 삼금로 45,2026-09-16
72,일반음식점,옥현루,충청북도 옥천군 옥천읍 중앙로 148-1,2026-09-16
73,일반음식점,그린하우스,충청북도 옥천군 옥천읍 옥천동이로 21-3,2026-09-16
74,일반음식점,유복성,충청북도 옥천군 옥천읍 중앙로10길 9,2026-09-16
75,일반음식점,구읍식당,충청북도 옥천군 옥천읍 향수길 53,2026-09-16
76,일반음식점,시골집,충청북도 옥천군 동이면 동이농공길 127,2026-09-16
77,일반음식점,기자식당,충청북도 옥천군 청성면 산계길 41-2,2026-09-16
78,일반음식점,산계식당,충청북도 옥천군 청성면 산계길 52-1,2026-09-16
79,일반음식점,청산추어탕,"충청북도 옥천군 청산면 지전1길 25, 청산추어탕(청산집)",2026-09-16
80,일반음식점,다정이네,"충청북도 옥천군 청산면 지전1길 11, 음식점",2026-09-16
81,일반음식점,논두렁 밭두렁,충청북도 옥천군 이원면 개심3길 26,2026-09-16
82,일반음식점,옛장터 숯불갈비,충청북도 옥천군 이원면 이원로 809,2026-09-16
83,일반음식점,새강변가든,충청북도 옥천군 군북면 성왕로 1564,2026-09-16
84,일반음식점,옥천읍 구내식당,충청북도 옥천군 옥천읍 동부로 15,2026-09-16
85,일반음식점,굴사랑,충청북도 옥천군 옥천읍 삼양로 95,2026-09-16
86,일반음식점,민석이네,충청북도 옥천군 옥천읍 금장로 37,2026-09-16
87,일반음식점,과수원가든,충청북도 옥천군 옥천읍 성왕로 1454,2026-09-16
88,일반음식점,형주네 바다이야기,충청북도 옥천군 옥천읍 성왕로 1394,2026-09-16
89,일반음식점,구읍할매묵집,충청북도 옥천군 옥천읍 향수길 46,2026-09-16
90,일반음식점,페리카나치킨,충청북도 옥천군 옥천읍 금장로 53,2026-09-16
91,일반음식점,이준하 고기국수,충청북도 옥천군 옥천읍 중앙로10길 15,2026-09-16
92,일반음식점,맛꼬방,충청북도 옥천군 옥천읍 금장로 11,2026-09-16
93,일반음식점,바다활어횟집,충청북도 옥천군 옥천읍 삼양로 47,2026-09-16
94,일반음식점,옥천(상)휴게소,"충청북도 옥천군 옥천읍 옥천동이로 242-34, 옥천상휴게소",2026-09-16
95,일반음식점,가마솥병천순대,충청북도 옥천군 옥천읍 서대구일로 311,2026-09-16
96,일반음식점,피자스쿨옥천점,"충청북도 옥천군 옥천읍 중앙로6길 5, 음식점",2026-09-16
97,일반음식점,청풍명월,"충청북도 옥천군 동이면 동이농공길 24, 노래연습장",2026-09-16
98,일반음식점,육각정 가든,충청북도 옥천군 안내면 안내보은로 365-5,2026-09-16
99,일반음식점,금강가든,충청북도 옥천군 청산면 청산관기로 543,2026-09-16
100,일반음식점,칠보국시,충청북도 옥천군 청산면 지전길 42-1,2026-09-16
101,일반음식점,청양식당,충청북도 옥천군 청산면 지전길 47-7,2026-09-16
102,일반음식점,올갱이맛집,"충청북도 옥천군 청산면 지전길 13, 음식점",2026-09-16
103,일반음식점,페리카나치킨,충청북도 옥천군 이원면 신흥1길 5,2026-09-16
104,일반음식점,홍도가든,충청북도 옥천군 이원면 개심4길 16,2026-09-16
105,일반음식점,중화요리 태극루,충청북도 옥천군 군북면 이백1길 3-11,2026-09-16
106,일반음식점,우성쭈꾸미(옥천),충청북도 옥천군 군북면 옥천로 1159,2026-09-16
107,일반음식점,옥돌,충청북도 옥천군 옥천읍 옥천로 2044 (268-2),2026-09-16
108,일반음식점,뿌리깊은나무,충청북도 옥천군 안내면 장계길 221-3,2026-09-16
109,일반음식점,유리성 중화요리,충청북도 옥천군 옥천읍 관성로3길 2,2026-09-16
110,일반음식점,옥천올갱이,충청북도 옥천군 옥천읍 중앙로 57-5,2026-09-16
111,일반음식점,점프,충청북도 옥천군 옥천읍 중앙로 46-1,2026-09-16
112,일반음식점,서울깍두기,충청북도 옥천군 옥천읍 문장로3길 8,2026-09-16
113,일반음식점,옥천잔치방,"충청북도 옥천군 옥천읍 중앙로 82-1, 음식점",2026-09-16
114,일반음식점,만나김밥,충청북도 옥천군 옥천읍 중앙로 61-1,2026-09-16
115,일반음식점,부릉개 식당,충청북도 옥천군 동이면 옥천동이로 642,2026-09-16
116,일반음식점,경상식당,"충청북도 옥천군 동이면 조령2길 27, 창고",2026-09-16
117,일반음식점,이가네옛날짜장,충청북도 옥천군 안내면 안내삼승로 5-4,2026-09-16
118,일반음식점,향수촌,충청북도 옥천군 청성면 남부로 3025,2026-09-16
119,일반음식점,원두막식당,충청북도 옥천군 청성면 화성3길 3,2026-09-16
120,일반음식점,두꺼비가든,충청북도 옥천군 이원면 옥천로 2432,2026-09-16
121,일반음식점,강산기사식당,충청북도 옥천군 이원면 옥천로 2990,2026-09-16
122,일반음식점,내고을식당,충청북도 옥천군 이원면 신흥1길 16-30,2026-09-16
123,일반음식점,전원가든,충청북도 옥천군 이원면 이원심천로 24,2026-09-16
124,일반음식점,돌도령과 나무각시,충청북도 옥천군 이원면 이원로 40,2026-09-16
125,일반음식점,정통옛날손짜장,충청북도 옥천군 군북면 옥천로 1100,2026-09-16
126,일반음식점,영일횟집,충청북도 옥천군 군북면 방아실길 28,2026-09-16
127,일반음식점,둥그나무집,충청북도 옥천군 군북면 환산로 499,2026-09-16
128,일반음식점,본토박이식당,충청북도 옥천군 군북면 성왕로 1696-1,2026-09-16
129,일반음식점,마노하우스,충청북도 옥천군 군북면 환평길 16,2026-09-16
130,일반음식점,시골토종닭,충청북도 옥천군 군북면 성왕로 1598-9,2026-09-16
131,일반음식점,명가하우스 웨딩(보나페티),충청북도 옥천군 옥천읍 성왕로 1169,2026-09-16
132,일반음식점,명광불고기,충청북도 옥천군 옥천읍 향수길 54,2026-09-16
133,일반음식점,가보세,충청북도 옥천군 옥천읍 중앙로 17-18,2026-09-16
134,일반음식점,바다 양푼이 동태탕찜,충청북도 옥천군 옥천읍 삼금로5길 7-10,2026-09-16
135,일반음식점,충북불고기,충청북도 옥천군 옥천읍 중앙로1길 8,2026-09-16
136,일반음식점,반올림 피자샵,충청북도 옥천군 옥천읍 중앙로 25-1,2026-09-16
137,일반음식점,남다른집,충청북도 옥천군 옥천읍 중앙로7길 6-1,2026-09-16
138,일반음식점,아시나요호프,충청북도 옥천군 옥천읍 금장로 49-1,2026-09-16
139,일반음식점,행운목 손두부,충청북도 옥천군 옥천읍 삼양로 93-9,2026-09-16
140,일반음식점,대청수산식당,충청북도 옥천군 옥천읍 옥천로 1378,2026-09-16
141,일반음식점,옥천 염소촌,충청북도 옥천군 옥천읍 성왕로 1280,2026-09-16
142,일반음식점,동부수산,충청북도 옥천군 옥천읍 중앙로 147,2026-09-16
143,일반음식점,경진각,충청북도 옥천군 옥천읍 중앙로4길 11 (외 1필지),2026-09-16
144,일반음식점,미소야,충청북도 옥천군 옥천읍 중앙로 46-1,2026-09-16
145,일반음식점,백록담,"충청북도 옥천군 옥천읍 중앙로 27, 1층",2026-09-16
146,일반음식점,북경루,"충청북도 옥천군 옥천읍 삼금로5길 5-14, 옥천공설시장 주1동 211, 212호",2026-09-16
147,일반음식점,호미골,충청북도 옥천군 동이면 적하길 341,2026-09-16
148,일반음식점,정's커피 & 정's식당,충청북도 옥천군 동이면 옥천동이로 731,2026-09-16
149,일반음식점,가마솥 손두부,충청북도 옥천군 동이면 우산로2길 9,2026-09-16
150,일반음식점,강가 가든,충청북도 옥천군 동이면 우산로 406,2026-09-16
151,일반음식점,배바우손두부,충청북도 옥천군 안남면 연주길 33,2026-09-16
152,일반음식점,올드 트리,충청북도 옥천군 안내면 장계길 221-3,2026-09-16
153,일반음식점,오지빌리지,충청북도 옥천군 안내면 인포2길 24-79,2026-09-16
154,일반음식점,엘도라도,충청북도 옥천군 청성면 고당로 246,2026-09-16
155,일반음식점,장닭 하우스,충청북도 옥천군 청산면 지전길 47-17,2026-09-16
156,일반음식점,계촌식당,충청북도 옥천군 이원면 묘목로 103-1,2026-09-16
157,일반음식점,전통짜장,"충청북도 옥천군 이원면 옥천로 2440, 휴게소",2026-09-16
158,일반음식점,거북가든,충청북도 옥천군 군서면 금산4길 48,2026-09-16
159,일반음식점,삼거리식당,충청북도 옥천군 군북면 방아실길 1,2026-09-16
160,일반음식점,아실(ASIL),충청북도 옥천군 군북면 방아실길 140-21,2026-09-16
161,일반음식점,옛날,충청북도 옥천군 옥천읍 성왕로 1433,2026-09-16
162,일반음식점,막창먹으면돼지,충청북도 옥천군 옥천읍 가화3길 10-8,2026-09-16
163,일반음식점,화목식당,충청북도 옥천군 옥천읍 문장로 81-8,2026-09-16
164,일반음식점,투다리,충청북도 옥천군 옥천읍 문장로 53 (외 1필지),2026-09-16
165,일반음식점,김밥천냥,충청북도 옥천군 옥천읍 삼금로 13,2026-09-16
166,일반음식점,옥고을칼국수,"충청북도 옥천군 옥천읍 문장로 49, 음식점",2026-09-16
167,일반음식점,옥천왕족발보쌈,충청북도 옥천군 옥천읍 상야1길 46,2026-09-16
168,일반음식점,대구뽈찜·뽈탕,충청북도 옥천군 옥천읍 성신로 73,2026-09-16
169,일반음식점,혜성식당,충청북도 옥천군 옥천읍 중앙로6길 8,2026-09-16
170,일반음식점,역전할머니맥주 옥천점,충청북도 옥천군 옥천읍 금장로 58-1,2026-09-16
171,일반음식점,연호프,충청북도 옥천군 옥천읍 양수로 16,2026-09-16
172,일반음식점,남도식당,충청북도 옥천군 옥천읍 옥천로 1608,2026-09-16
173,일반음식점,금강추어정 은보 옥천점,충청북도 옥천군 옥천읍 금장로 2,2026-09-16
174,일반음식점,퇴근길가자,충청북도 옥천군 옥천읍 삼금로3길 18,2026-09-16
175,일반음식점,한끼 김밥,충청북도 옥천군 옥천읍 금장로 53-8,2026-09-16
176,일반음식점,기울어진뚝배기 충북옥천점,충청북도 옥천군 옥천읍 문장로 104,2026-09-16
177,일반음식점,은경식당,"충청북도 옥천군 동이면 옥천동이로 763, 음식점",2026-09-16
178,일반음식점,수정집,충청북도 옥천군 안내면 현리4길 5,2026-09-16
179,일반음식점,전원식당,충청북도 옥천군 안내면 현리3길 2,2026-09-16
180,일반음식점,그릴포인트,"충청북도 옥천군 안내면 장계1길 2, 상점",2026-09-16
181,일반음식점,장계가든,충청북도 옥천군 안내면 성왕로 2264,2026-09-16
182,일반음식점,북경 반점,"충청북도 옥천군 이원면 이원역길 39, 주택",2026-09-16
183,일반음식점,멕시카나치킨,충청북도 옥천군 이원면 신흥길 5-2,2026-09-16
184,일반음식점,장령산 계곡산장,충청북도 옥천군 군서면 금산4길 35,2026-09-16
185,일반음식점,서화천메기엄마,충청북도 옥천군 군서면 성왕로 236,2026-09-16
186,일반음식점,산들바람,충청북도 옥천군 군서면 장령산로 483,2026-09-16
187,일반음식점,좋은날식당,충청북도 옥천군 군북면 추소길 40-1,2026-09-16
188,일반음식점,석촌가든,충청북도 옥천군 군북면 성왕로 1831,2026-09-16
189,일반음식점,방아 로스터리카페,충청북도 옥천군 군북면 방아실길 141,2026-09-16
190,일반음식점,촌돼지 명가,충청북도 옥천군 군북면 방아실길 13-3,2026-09-16
191,일반음식점,신기보리밥,충청북도 옥천군 옥천읍 신기3길 26,2026-09-16
192,일반음식점,수림얼큰공주칼국수,충청북도 옥천군 옥천읍 삼금로3길 22,2026-09-16
193,일반음식점,장원불고기,충청북도 옥천군 옥천읍 중앙로1길 3,2026-09-16
194,일반음식점,남경루,충청북도 옥천군 옥천읍 동부로 10,2026-09-16
195,일반음식점,박가네보리밥,충청북도 옥천군 옥천읍 삼금로5길 22,2026-09-16
196,일반음식점,옥천생고기,충청북도 옥천군 옥천읍 중앙로4길 7 (외1필지),2026-09-16
197,일반음식점,한알천,충청북도 옥천군 옥천읍 성왕로 1217,2026-09-16
198,일반음식점,간이역옥향역점,충청북도 옥천군 옥천읍 성왕로 1274,2026-09-16
199,일반음식점,아리랑,충청북도 옥천군 옥천읍 향수3길 11,2026-09-16
200,일반음식점,지후니네,충청북도 옥천군 옥천읍 금장로 47-4,2026-09-16
201,일반음식점,닭치고발골,충청북도 옥천군 옥천읍 금장로 46,2026-09-16
202,일반음식점,옥천숯불촌,충청북도 옥천군 옥천읍 금장로 109-7,2026-09-16
203,일반음식점,초롱식당,충청북도 옥천군 옥천읍 삼양로 33,2026-09-16
204,일반음식점,대박집,충청북도 옥천군 옥천읍 성왕로 1250,2026-09-16
205,일반음식점,금수강산,충청북도 옥천군 동이면 적하길 251-1,2026-09-16
206,일반음식점,진달래 가든,충청북도 옥천군 안남면 종미3길 18,2026-09-16
207,일반음식점,강촌식당,충청북도 옥천군 안내면 장계1길 1-5,2026-09-16
208,일반음식점,이가네가든,충청북도 옥천군 안내면 안내보은로 97,2026-09-16
209,일반음식점,신그령 산들채,충청북도 옥천군 청성면 남부로 3062,2026-09-16
210,일반음식점,화성식당,충청북도 옥천군 청산면 지전길 24-1 (외 3필지),2026-09-16
211,일반음식점,강변가든,충청북도 옥천군 청산면 지전1길 6,2026-09-16
212,일반음식점,호반,충청북도 옥천군 이원면 이원로 222,2026-09-16
213,일반음식점,강언덕식당,충청북도 옥천군 군북면 성왕로 1924-1,2026-09-16
214,일반음식점,오봉섬가든,"충청북도 옥천군 군북면 석호길 413 (,81-2)",2026-09-16
215,일반음식점,수반쭈꾸미2호점,충청북도 옥천군 옥천읍 향수1길 19-23,2026-09-16
216,일반음식점,정통집 옥천점,충청북도 옥천군 옥천읍 금장로 52-1,2026-09-16
217,일반음식점,어미횟집,"충청북도 옥천군 옥천읍 문장로 114, 학원",2026-09-16
218,일반음식점,금강 적하산장,충청북도 옥천군 동이면 적하길 208-128,2026-09-16
219,일반음식점,푸른농원연잎밥,충청북도 옥천군 군서면 금산2길 8-11 (외1필지),2026-09-16
220,일반음식점,곤룡골 흑염소,충청북도 옥천군 군서면 곤룡로 345,2026-09-16
221,일반음식점,연가네식당,충청북도 옥천군 군서면 곤룡로 351,2026-09-16
222,일반음식점,신선식당,충청북도 옥천군 군북면 방아실길 140-26,2026-09-16
223,일반음식점,강언덕횟집,충청북도 옥천군 군북면 성왕로 1894,2026-09-16
224,일반음식점,참치병장,충청북도 옥천군 옥천읍 삼양로8길 6 (외 1필지),2026-09-16
225,일반음식점,오프렘,충청북도 옥천군 옥천읍 향수5길 3,2026-09-16
226,일반음식점,명동칼국수,충청북도 옥천군 옥천읍 문장로 66,2026-09-16
227,일반음식점,처갓집 양념치킨(옥천점),충청북도 옥천군 옥천읍 금장로 113,2026-09-16
228,일반음식점,유원지가든,충청북도 옥천군 동이면 우산로 402,2026-09-16
229,일반음식점,청주식당,충청북도 옥천군 동이면 우산로1길 10,2026-09-16
230,일반음식점,느리온도,충청북도 옥천군 동이면 조령길 219,2026-09-16
231,일반음식점,The 싸이,충청북도 옥천군 옥천읍 금장로 22,2026-09-16
232,일반음식점,엘도라도2,충청북도 옥천군 청성면 고당로 250-1,2026-09-16
233,일반음식점,수반쭈꾸미 본점,충청북도 옥천군 옥천읍 향수1길 19-23,2026-09-16
234,일반음식점,만년닭강정,충청북도 옥천군 옥천읍 장야2길 6,2026-09-16
235,일반음식점,대전 스카이펫,충청북도 옥천군 이원면 이원로 47,2026-09-16
236,일반음식점,의정부부대찌개&배부른생오리,충청북도 옥천군 옥천읍 성왕로 1263,2026-09-16
237,일반음식점,옥천야식,충청북도 옥천군 옥천읍 중앙로11길 8,2026-09-16
238,일반음식점,친구네칼국수,충청북도 옥천군 옥천읍 삼양로 80-1,2026-09-16
239,일반음식점,나이스,충청북도 옥천군 옥천읍 중앙로5길 5,2026-09-16
240,일반음식점,우미면가,충청북도 옥천군 옥천읍 옥천로 1654-8,2026-09-16
241,일반음식점,커피 아뜰리에,충청북도 옥천군 군북면 환산로 474,2026-09-16
242,일반음식점,문박골가든,충청북도 옥천군 군북면 소정1길 18,2026-09-16
243,일반음식점,호동 갈비,충청북도 옥천군 옥천읍 중앙로5길 5,2026-09-16
244,일반음식점,그리고,"충청북도 옥천군 옥천읍 삼금로5길 22, 1층",2026-09-16
245,일반음식점,가마촌,충청북도 옥천군 동이면 세산2길 2,2026-09-16
246,일반음식점,시골가든,충청북도 옥천군 청성면 남부로 3362,2026-09-16
247,일반음식점,뿌리 생선국수,충청북도 옥천군 청산면 지전길 49-14,2026-09-16
248,일반음식점,청산면옥 청성점,충청북도 옥천군 청성면 산계길 89,2026-09-16
249,일반음식점,란이식당,충청북도 옥천군 옥천읍 중앙로 17-8,2026-09-16
250,일반음식점,길목국수집,충청북도 옥천군 군북면 옥천로 1126,2026-09-16
251,일반음식점,역전돼지국밥,충청북도 옥천군 이원면 이원역길 36,2026-09-16
252,일반음식점,인천식당,충청북도 옥천군 청산면 지전1길 35,2026-09-16
253,일반음식점,수정가든,충청북도 옥천군 군북면 환산로 597,2026-09-16
254,일반음식점,태화장,충청북도 옥천군 이원면 신흥1길 8,2026-09-16
255,일반음식점,모정식당,충청북도 옥천군 옥천읍 향수길 81,2026-09-16
256,일반음식점,먹자식당,충청북도 옥천군 군서면 성왕로 455,2026-09-16
257,일반음식점,옥천아구,충청북도 옥천군 옥천읍 삼금로1길 23,2026-09-16
258,일반음식점,삼부자뚝배기,충청북도 옥천군 옥천읍 옥천로 1577,2026-09-16
259,일반음식점,진수성찬,충청북도 옥천군 군북면 국원1길 1-1,2026-09-16
260,일반음식점,맛있는 복골올갱이,충청북도 옥천군 옥천읍 성왕로 1441,2026-09-16
261,일반음식점,우렁각시,충청북도 옥천군 옥천읍 관성로3길 14,2026-09-16
262,일반음식점,치킨세상,충청북도 옥천군 옥천읍 문장로 104,2026-09-16
263,일반음식점,양지고을,충청북도 옥천군 군북면 비야대정로 282-50,2026-09-16
264,일반음식점,향곡산방,충청북도 옥천군 동이면 선사로 138,2026-09-16
265,일반음식점,카페 정원,충청북도 옥천군 군북면 국원1길 1,2026-09-16
266,일반음식점,강정구의 피자생각,충청북도 옥천군 옥천읍 문장로 106,2026-09-16
267,일반음식점,오구피자 옥천점,충청북도 옥천군 옥천읍 성신로 76,2026-09-16
268,일반음식점,터미널식당,충청북도 옥천군 청산면 지전길 36-4,2026-09-16
269,일반음식점,수목,충청북도 옥천군 옥천읍 삼금로 48,2026-09-16
270,일반음식점,경성만두요리전문점,충청북도 옥천군 옥천읍 옥천로 1644,2026-09-16
271,일반음식점,호수위의찻집,충청북도 옥천군 군북면 방아실길 248,2026-09-16
272,일반음식점,금강휴게소 식당,충청북도 옥천군 동이면 금강로 596 (외6필지),2026-09-16
273,일반음식점,금강휴게소 2층 식당,충청북도 옥천군 동이면 금강로 596,2026-09-16
274,일반음식점,김밥천국,충청북도 옥천군 옥천읍 중앙로 43,2026-09-16
275,일반음식점,이모네식당,충청북도 옥천군 옥천읍 삼양로 86,2026-09-16
276,일반음식점,60계 충북옥천점,충청북도 옥천군 옥천읍 금장로 58,2026-09-16
277,일반음식점,가마솥 흑염소,충청북도 옥천군 옥천읍 서정2길 3,2026-09-16
278,일반음식점,아리아 카페,충청북도 옥천군 군서면 장령산로 491,2026-09-16
279,일반음식점,장령산뚝배기,"충청북도 옥천군 군서면 동평4길 2-2, 주택",2026-09-16
280,일반음식점,옥천농협장례식당,충청북도 옥천군 옥천읍 옥천로 1720,2026-09-16
281,일반음식점,옥천푸줏간정육식당,충청북도 옥천군 옥천읍 삼금로 30,2026-09-16
282,일반음식점,그냥찻집,충청북도 옥천군 옥천읍 향수길 45,2026-09-16
283,일반음식점,운향엉겅퀴흑염소,충청북도 옥천군 옥천읍 교동1길 38,2026-09-16
284,일반음식점,되고집,충청북도 옥천군 옥천읍 응천1길 33,2026-09-16
285,일반음식점,손두부전문점 콩사랑,충청북도 옥천군 옥천읍 성왕로 1240,2026-09-16
286,일반음식점,명동식당,충청북도 옥천군 청산면 지전길 22-1,2026-09-16
287,일반음식점,웃는 돼지,충청북도 옥천군 옥천읍 성왕로 1274,2026-09-16
288,일반음식점,화수목금,충청북도 옥천군 옥천읍 향수길 50,2026-09-16
289,일반음식점,금강풍경식당,충청북도 옥천군 동이면 적하길 355,2026-09-16
290,일반음식점,솔져치킨,충청북도 옥천군 안남면 연주길 36,2026-09-16
291,일반음식점,황쏘가리,충청북도 옥천군 동이면 조령2길 1 (1~2층),2026-09-16
292,일반음식점,애정식당,충청북도 옥천군 옥천읍 삼양로7길 3,2026-09-16
293,일반음식점,왈순네식당,충청북도 옥천군 옥천읍 중앙로1길 18,2026-09-16
294,일반음식점,가산식당,충청북도 옥천군 안내면 답양1길 6,2026-09-16
295,일반음식점,이산 흑염소,충청북도 옥천군 군서면 장령산로 287,2026-09-16
296,일반음식점,주홍짬뽕,충청북도 옥천군 군북면 국원1길 8,2026-09-16
297,일반음식점,곰바우숯불갈비,충청북도 옥천군 옥천읍 삼금로 50-1,2026-09-16
298,일반음식점,홍가네,충청북도 옥천군 옥천읍 문장로 71,2026-09-16
299,일반음식점,청명식당,충청북도 옥천군 옥천읍 문장로 31 (문정주공아파트 상가 지하1층),2026-09-16
300,일반음식점,부소담악너머길,충청북도 옥천군 군북면 증약길 195,2026-09-16
301,일반음식점,5.5 춘천닭갈비,충청북도 옥천군 옥천읍 중앙로7길 10-1,2026-09-16
302,일반음식점,짜장나라,충청북도 옥천군 청산면 지전1길 3,2026-09-16
303,일반음식점,녀석들 포차,충청북도 옥천군 옥천읍 중앙로7길 10,2026-09-16
304,일반음식점,계동치킨,충청북도 옥천군 옥천읍 금장로 61,2026-09-16
305,일반음식점,족발시대,충청북도 옥천군 옥천읍 중앙로7길 4,2026-09-16
306,일반음식점,맛있는 뜨락,충청북도 옥천군 옥천읍 삼양로 45-1,2026-09-16
307,일반음식점,누구나홀딱반한닭 옥천점,충청북도 옥천군 옥천읍 중앙로11길 4,2026-09-16
308,일반음식점,독도블루스,충청북도 옥천군 이원면 이원로 373,2026-09-16
309,일반음식점,옛날통닭 옥천점,충청북도 옥천군 옥천읍 삼양로 96,2026-09-16
310,일반음식점,정지뜰 식당,충청북도 옥천군 옥천읍 향수3길 20,2026-09-16
311,일반음식점,주현갈비,충청북도 옥천군 옥천읍 양수로3길 6,2026-09-16
312,일반음식점,피자마루,"충청북도 옥천군 옥천읍 중앙로 53-1, 상가",2026-09-16
313,일반음식점,진성아구찜 옥천점,충청북도 옥천군 옥천읍 삼양로 64,2026-09-16
314,일반음식점,외식하는날,충청북도 옥천군 옥천읍 금장로 66-2,2026-09-16
315,일반음식점,한성회관,충청북도 옥천군 옥천읍 옥천동이로 309-1,2026-09-16
316,일반음식점,옥천장금이맛집,충청북도 옥천군 군북면 성왕로 1567,2026-09-16
317,일반음식점,금단가든,충청북도 옥천군 군서면 장령산로 340-1,2026-09-16
318,일반음식점,참샘송어 직판장,충청북도 옥천군 옥천읍 성왕로 1236,2026-09-16
319,일반음식점,부흥식당,충청북도 옥천군 옥천읍 삼양로 67,2026-09-16
320,일반음식점,행복한 찜닭,충청북도 옥천군 옥천읍 금장로 11,2026-09-16
321,일반음식점,두부꽃,충청북도 옥천군 군북면 국원1길 3,2026-09-16
322,일반음식점,본죽,충청북도 옥천군 옥천읍 중앙로 42,2026-09-16
323,일반음식점,사계절칡냉면,충청북도 옥천군 옥천읍 문장로 75,2026-09-16
324,일반음식점,북두칠성,충청북도 옥천군 옥천읍 지용로 236,2026-09-16
325,일반음식점,코리엔탈 깻잎 두마리치킨 & 모락 로제 떡볶이 옥천점,충청북도 옥천군 옥천읍 성신로 76,2026-09-16
326,일반음식점,광촌목장셀프식당,충청북도 옥천군 군북면 옥천로 1052,2026-09-16
327,일반음식점,미가,충청북도 옥천군 옥천읍 삼양로8길 8-1,2026-09-16
328,일반음식점,큰언니식당,충청북도 옥천군 옥천읍 옥천로 1599,2026-09-16
329,일반음식점,그린팬션가든,충청북도 옥천군 군서면 금산4길 31,2026-09-16
330,일반음식점,토종맛집쉼터,충청북도 옥천군 옥천읍 삼양로 13,2026-09-16
331,일반음식점,샤브한쌈,충청북도 옥천군 옥천읍 성왕로 1296,2026-09-16
332,일반음식점,군산활어회,"충청북도 옥천군 옥천읍 중앙로 177, 공인중개사",2026-09-16
333,일반음식점,엄마손칼국수,충청북도 옥천군 옥천읍 향수길 75,2026-09-16
334,일반음식점,강변식당,충청북도 옥천군 동이면 조령2길 3,2026-09-16
335,일반음식점,산수사철가든,충청북도 옥천군 안내면 현리5길 8-33,2026-09-16
336,일반음식점,무지개식당,충청북도 옥천군 옥천읍 신기3길 30,2026-09-16
337,일반음식점,멍청이찜식당,충청북도 옥천군 옥천읍 서부로 29,2026-09-16
338,일반음식점,장인우렁쌈밥,충청북도 옥천군 옥천읍 성왕로 1354,2026-09-16
339,일반음식점,강변의추억,충청북도 옥천군 이원면 용방2길 43-59 (외2필지),2026-09-16
340,일반음식점,충북 옥천점 bhc치킨,충청북도 옥천군 옥천읍 삼금로1길 3-1,2026-09-16
341,일반음식점,옥이네,충청북도 옥천군 군북면 비야대정로 236,2026-09-16
342,일반음식점,옻샘마을,충청북도 옥천군 청성면 고당로2길 32,2026-09-16
343,일반음식점,네네치킨 옥천점,"충청북도 옥천군 옥천읍 장야4길 51, 101호",2026-09-16
344,일반음식점,정다운분식,충청북도 옥천군 옥천읍 중앙로11길 6,2026-09-16
345,일반음식점,꼬기오치킨,충청북도 옥천군 청산면 지전길 23,2026-09-16
346,일반음식점,달임이네집,충청북도 옥천군 옥천읍 삼금로3길 24,2026-09-16
347,일반음식점,지코바 옥천점,충청북도 옥천군 옥천읍 삼양로 65,2026-09-16
348,일반음식점,금강매운탕,충청북도 옥천군 동이면 적하길 341-1,2026-09-16
349,일반음식점,땡큐 통돼지 바베큐,충청북도 옥천군 옥천읍 원각2길 26,2026-09-16
350,일반음식점,물레방아,충청북도 옥천군 청산면 지전길 23-3,2026-09-16
351,일반음식점,달구지막창,충청북도 옥천군 옥천읍 중앙로7길 7,2026-09-16
352,일반음식점,향수길식당,충청북도 옥천군 옥천읍 문장로 52-1,2026-09-16
353,일반음식점,또봉이 통닭,충청북도 옥천군 옥천읍 동부로 16 (하늘빛@상가3호),2026-09-16
354,일반음식점,콩밭,충청북도 옥천군 군북면 자모길 5,2026-09-16
355,일반음식점,잉꼬식당,충청북도 옥천군 옥천읍 옥천로 1688,2026-09-16
356,일반음식점,이가네뚝배기,충청북도 옥천군 옥천읍 삼양로 80-1,2026-09-16
357,일반음식점,시골밥상,"충청북도 옥천군 옥천읍 삼금로5길 9, 음식점",2026-09-16
358,일반음식점,향수민물매운탕 장어구이,충청북도 옥천군 옥천읍 삼양로 25,2026-09-16
359,일반음식점,천지성,충청북도 옥천군 옥천읍 중앙로1길 7,2026-09-16
360,일반음식점,또래오래 옥천점,"충청북도 옥천군 옥천읍 문장로 55-1, 음식점",2026-09-16
361,일반음식점,고바우 감자탕,"충청북도 옥천군 옥천읍 문장로 54, 103호",2026-09-16
362,일반음식점,안터식당,충청북도 옥천군 동이면 선사로 420,2026-09-16
363,일반음식점,얼쑤야식,충청북도 옥천군 옥천읍 중앙로7길 8,2026-09-16
364,일반음식점,금강,충청북도 옥천군 동이면 적하길 178-49,2026-09-16
365,일반음식점,장령산송어장식당,충청북도 옥천군 군서면 장령산로 289,2026-09-16
366,일반음식점,정자가든식당,충청북도 옥천군 군북면 이백길 3,2026-09-16
367,일반음식점,빵꾸똥꾸,충청북도 옥천군 옥천읍 중앙로 56,2026-09-16
368,일반음식점,가화포차,충청북도 옥천군 옥천읍 가화2길 3,2026-09-16
369,일반음식점,이모네 냄비백반.삼겹살,충청북도 옥천군 옥천읍 향수3길 30,2026-09-16
370,일반음식점,겨울이네,충청북도 옥천군 동이면 세산2길 106,2026-09-16
371,일반음식점,고향마루,충청북도 옥천군 군북면 자모길 21-7,2026-09-16
372,일반음식점,이석해물칼국수.왕만두,충청북도 옥천군 옥천읍 옥천로 1559,2026-09-16
373,일반음식점,소정마을,충청북도 옥천군 옥천읍 성왕로 1313-1,2026-09-16
374,일반음식점,산너머 토시골,충청북도 옥천군 군서면 사양2길 10,2026-09-16
375,일반음식점,새참푸드,충청북도 옥천군 옥천읍 중앙로 182,2026-09-16
376,일반음식점,옥천 해뜨는집 가든,충청북도 옥천군 동이면 적하4길 26,2026-09-16
377,일반음식점,한밭잔치방,충청북도 옥천군 옥천읍 중앙로3길 7,2026-09-16
378,일반음식점,큰통치킨,충청북도 옥천군 옥천읍 금장로 50,2026-09-16
379,일반음식점,양은냄비,충청북도 옥천군 옥천읍 중앙로2길 9-3,2026-09-16
380,일반음식점,토마토,충청북도 옥천군 청산면 교평길 5,2026-09-16
381,일반음식점,NH농협뷔페,충청북도 옥천군 옥천읍 삼금로 21,2026-09-16
382,일반음식점,원동칼국수,충청북도 옥천군 이원면 원동1길 6,2026-09-16
383,일반음식점,티률,충청북도 옥천군 옥천읍 금장로 55,2026-09-16
384,일반음식점,바다네가든,충청북도 옥천군 안내면 안내보은로 87,2026-09-16
385,일반음식점,사랑채,충청북도 옥천군 청산면 남부로 2222,2026-09-16
386,일반음식점,장화골가든,충청북도 옥천군 이원면 이원로 229,2026-09-16
387,일반음식점,찐만두,충청북도 옥천군 옥천읍 중앙로9길 4,2026-09-16
388,일반음식점,한우자율식당,충청북도 옥천군 옥천읍 가화길 86,2026-09-16
389,일반음식점,매화칼국수,충청북도 옥천군 옥천읍 매화길 17,2026-09-16
390,일반음식점,울엄마 손 메밀묵,충청북도 옥천군 옥천읍 삼금로2길 3,2026-09-16
391,일반음식점,안박사면옥,충청북도 옥천군 옥천읍 삼양로 50,2026-09-16
392,일반음식점,명품낙지,충청북도 옥천군 이원면 신흥길 9-4,2026-09-16
393,일반음식점,신주홍짬뽕,충청북도 옥천군 옥천읍 금장로 66-10,2026-09-16
394,일반음식점,시장백반,"충청북도 옥천군 옥천읍 삼금로5길 5-14, 옥천공설시장 주1동 209, 210호",2026-09-16
395,일반음식점,영덕이네,충청북도 옥천군 옥천읍 삼양로 35,2026-09-16
396,일반음식점,하늘빛오리마을,충청북도 옥천군 옥천읍 동부로 16 (하늘빛101동 상가),2026-09-16
397,일반음식점,정우네식당,충청북도 옥천군 옥천읍 삼양로 80-1,2026-09-16
398,일반음식점,장야맛집,충청북도 옥천군 옥천읍 문장로 104,2026-09-16
399,일반음식점,이자카야교토,충청북도 옥천군 옥천읍 금장로 48,2026-09-16
400,일반음식점,풍년생고기,충청북도 옥천군 옥천읍 중앙로8길 16,2026-09-16
401,일반음식점,울엄마양평해장국,충청북도 옥천군 옥천읍 동부로 34,2026-09-16
402,일반음식점,동네방네삶는족족,"충청북도 옥천군 옥천읍 금장로 110-20, 101호",2026-09-16
403,일반음식점,혜선식당,충청북도 옥천군 옥천읍 향수3길 1,2026-09-16
404,일반음식점,민물촌,충청북도 옥천군 군북면 옥천로 1120,2026-09-16
405,일반음식점,길연식당,충청북도 옥천군 이원면 신흥1길 17-1,2026-09-16
406,일반음식점,염소맛집,충청북도 옥천군 옥천읍 성왕로 1354,2026-09-16
407,일반음식점,돌람산 칼국수,"충청북도 옥천군 옥천읍 장야애뜰길 8, 음식점",2026-09-16
408,일반음식점,간재미랑수육,충청북도 옥천군 옥천읍 중앙로10길 19,2026-09-16
409,일반음식점,이차전집,충청북도 옥천군 옥천읍 금장로 47-3,2026-09-16
410,일반음식점,BBQ 옥천점,"충청북도 옥천군 옥천읍 문장로 31, 상가동 2층 201호",2026-09-16
411,일반음식점,아도나이2,충청북도 옥천군 옥천읍 성신로 70,2026-09-16
412,일반음식점,옥천순대국밥,충청북도 옥천군 옥천읍 삼양로 62,2026-09-16
413,일반음식점,일품 양평 해장국,충청북도 옥천군 이원면 옥천로 2434,2026-09-16
414,일반음식점,중앙옥,충청북도 옥천군 옥천읍 삼금로5길 5-14 (201호),2026-09-16
415,일반음식점,들꽃,"충청북도 옥천군 이원면 신흥길 5-17, 사무소",2026-09-16
416,일반음식점,두마족의 시대,충청북도 옥천군 옥천읍 삼양로 38-28,2026-09-16
417,일반음식점,카페담록,충청북도 옥천군 옥천읍 관성로 30,2026-09-16
418,일반음식점,나의신랑은나무꾼,충청북도 옥천군 군북면 비야대정로 243,2026-09-16
419,일반음식점,청산교동짬뽕,충청북도 옥천군 청산면 지전1길 30,2026-09-16
420,일반음식점,먹골가마솥추어탕,충청북도 옥천군 옥천읍 신기3길 4,2026-09-16
421,일반음식점,녹색농촌안터식당,충청북도 옥천군 동이면 안터2길 4,2026-09-16
422,일반음식점,옥천향수사계절식당,충청북도 옥천군 옥천읍 양수로6길 72-26,2026-09-16
423,일반음식점,시골밥상,"충청북도 옥천군 이원면 대흥3길 27-2, 음식점",2026-09-16
424,일반음식점,원미식당,충청북도 옥천군 옥천읍 장야2길 7,2026-09-16
425,일반음식점,골목칼국수,"충청북도 옥천군 이원면 신흥1길 5, 음식점",2026-09-16
426,일반음식점,안옥선,충청북도 옥천군 옥천읍 문장로 55-1,2026-09-16
427,일반음식점,유나인(옥천점),충청북도 옥천군 옥천읍 금장로 41,2026-09-16
428,일반음식점,딸부자 해장국,충청북도 옥천군 옥천읍 지용로 25,2026-09-16
429,일반음식점,컬투치킨옥천사랑점,충청북도 옥천군 옥천읍 중앙로10길 3,2026-09-16
430,일반음식점,복이네마라탕,충청북도 옥천군 옥천읍 신기5길 9,2026-09-16
431,일반음식점,카페쿠잉,충청북도 옥천군 옥천읍 중앙로11길 2,2026-09-16
432,일반음식점,만복식당,충청북도 옥천군 군서면 성왕로 508-1,2026-09-16
433,일반음식점,봉구스밥버거(옥천점),충청북도 옥천군 옥천읍 중앙로 71,2026-09-16
434,일반음식점,자갈치브라더스 옥천점,충청북도 옥천군 옥천읍 중앙로4길 6,2026-09-16
435,일반음식점,골목막창,충청북도 옥천군 옥천읍 금장로 53-5,2026-09-16
436,일반음식점,담쟁이 한뚝배기,충청북도 옥천군 옥천읍 매동로 161,2026-09-16
437,일반음식점,황가냉면,충청북도 옥천군 옥천읍 성왕로 1091,2026-09-16
438,일반음식점,진구네 가정식 뷔페,충청북도 옥천군 옥천읍 금강로 17,2026-09-16
439,일반음식점,동이루,충청북도 옥천군 동이면 적하1길 3,2026-09-16
440,일반음식점,더벤티 충북옥천점,충청북도 옥천군 옥천읍 중앙로 41-2,2026-09-16
441,일반음식점,달빛마을,충청북도 옥천군 군북면 환산로 315-1,2026-09-16
442,일반음식점,진푸드서비스,충청북도 옥천군 옥천읍 테크노밸리로 118,2026-09-16
443,일반음식점,한솥도시락 옥천점,충청북도 옥천군 옥천읍 대학1길 3,2026-09-16
444,일반음식점,HOP맥주창고,충청북도 옥천군 옥천읍 삼양로 63,2026-09-16
445,일반음식점,"옥천(부산방향)휴게소(놀부부대찌개, 칠보국시)",충청북도 옥천군 옥천읍 서대구일로 265-19,2026-09-16
446,일반음식점,샛터해장국,충청북도 옥천군 옥천읍 신기3길 23,2026-09-16
447,일반음식점,더꾸닭꾸,충청북도 옥천군 옥천읍 문장로 95,2026-09-16
448,일반음식점,옥천추어탕,충청북도 옥천군 옥천읍 교동2길 2,2026-09-16
449,일반음식점,또친,충청북도 옥천군 옥천읍 금장로 50,2026-09-16
450,일반음식점,화평동 옥천점,충청북도 옥천군 옥천읍 문장로 98-18,2026-09-16
451,일반음식점,카페꼬레,충청북도 옥천군 옥천읍 향수길 70,2026-09-16
452,일반음식점,옥천엄마손분식,충청북도 옥천군 옥천읍 삼양로 95,2026-09-16
453,일반음식점,토속보리밥,충청북도 옥천군 군서면 동평4길 54,2026-09-16
454,일반음식점,맥우백년,"충청북도 옥천군 군서면 성왕로 975, 2층",2026-09-16
455,일반음식점,머루실,충청북도 옥천군 군서면 오동1길 3,2026-09-16
456,일반음식점,메밀 메밀,충청북도 옥천군 옥천읍 삼양로 15,2026-09-16
457,일반음식점,정가네갈비,충청북도 옥천군 청산면 지전길 17,2026-09-16
458,일반음식점,병훈순대,충청북도 옥천군 옥천읍 중앙로 57-17,2026-09-16
459,일반음식점,티랑주(Tilangju),충청북도 옥천군 옥천읍 성암2길 9,2026-09-16
460,일반음식점,지선생 쌈촌,충청북도 옥천군 옥천읍 옥천로 1666-11,2026-09-16
461,일반음식점,러버샐,"충청북도 옥천군 옥천읍 중앙로4길 9-1, 영업시설",2026-09-16
462,일반음식점,미성식당,충청북도 옥천군 군서면 성왕로 787 ((증축건물)),2026-09-16
463,일반음식점,옥천시니어클럽(도란도란),"충청북도 옥천군 옥천읍 삼금로4길 6, 3층",2026-09-16
464,일반음식점,토스트 in,충청북도 옥천군 옥천읍 금장로 55-1,2026-09-16
465,일반음식점,고기역,충청북도 옥천군 옥천읍 중앙로1길 6-1,2026-09-16
466,일반음식점,카페와야,충청북도 옥천군 옥천읍 금장로 107,2026-09-16
467,일반음식점,옛밥,충청북도 옥천군 옥천읍 삼양로6길 13-3,2026-09-16
468,일반음식점,명품오리,충청북도 옥천군 청산면 지전길 53,2026-09-16
469,일반음식점,나무달팽이,충청북도 옥천군 옥천읍 마암로 125-16,2026-09-16
470,일반음식점,한지원 상황버섯 삼계탕,충청북도 옥천군 옥천읍 중앙로 177,2026-09-16
471,일반음식점,홍두깨칼국수,충청북도 옥천군 옥천읍 중앙로 13,2026-09-16
472,일반음식점,명가 하우스웨딩(웨딩홀),충청북도 옥천군 옥천읍 성왕로 1169,2026-09-16
473,일반음식점,짱야분식,충청북도 옥천군 옥천읍 장야4길 24,2026-09-16
474,일반음식점,삼동소바(옥천점),충청북도 옥천군 옥천읍 중앙로 110,2026-09-16
475,일반음식점,골목쌈밥,충청북도 옥천군 옥천읍 향수길 75-6,2026-09-16
476,일반음식점,치킨먹는날,충청북도 옥천군 옥천읍 문장로 65-4,2026-09-16
477,일반음식점,옥천만남의광장휴게소,충청북도 옥천군 옥천읍 중앙로 135,2026-09-16
478,일반음식점,신화신가네매운떡볶이,충청북도 옥천군 옥천읍 관성로3길 13,2026-09-16
479,일반음식점,돈주면돼지,충청북도 옥천군 옥천읍 신기5길 9-2,2026-09-16
480,일반음식점,스텔라떡볶이 충북옥천점,충청북도 옥천군 옥천읍 문장로3길 15,2026-09-16
481,일반음식점,뚱땡이뒷고기,충청북도 옥천군 옥천읍 금장로 109-2,2026-09-16
482,일반음식점,만복가든,충청북도 옥천군 이원면 수묵2길 19,2026-09-16
483,일반음식점,콩쥐야 팥쥐야,"충청북도 옥천군 옥천읍 삼금로5길 5-14, 옥천공설시장 주1동 207, 208호",2026-09-16
484,일반음식점,맘스터치 옥천점,충청북도 옥천군 옥천읍 중앙로 56,2026-09-16
485,일반음식점,주연식당,충청북도 옥천군 옥천읍 서부로 16,2026-09-16
486,일반음식점,자금성,충청북도 옥천군 옥천읍 마장로 84,2026-09-16
487,일반음식점,가락식당,충청북도 옥천군 옥천읍 장야2길 17,2026-09-16
488,일반음식점,돼지방,충청북도 옥천군 옥천읍 삼금로5길 16-7,2026-09-16
489,일반음식점,안남식당,충청북도 옥천군 안남면 연주4길 6,2026-09-16
490,일반음식점,수원본가,충청북도 옥천군 옥천읍 마장로 11,2026-09-16
491,일반음식점,장수식당,충청북도 옥천군 옥천읍 옥천동이로 20,2026-09-16
492,일반음식점,맛나식당,충청북도 옥천군 옥천읍 매화길 1,2026-09-16
493,일반음식점,맥시칸 뜰,충청북도 옥천군 청산면 지전길 24-1,2026-09-16
494,일반음식점,청산닭집후라이드치킨,충청북도 옥천군 청산면 지전길 31,2026-09-16
495,일반음식점,이안다원한식뷔페,충청북도 옥천군 옥천읍 서부로 16,2026-09-16
496,일반음식점,옛날전통육개장,충청북도 옥천군 옥천읍 양수로 82,2026-09-16
497,일반음식점,대궐식당,충청북도 옥천군 옥천읍 문장로 66,2026-09-16
498,일반음식점,정품 취향류,충청북도 옥천군 옥천읍 양수로 82,2026-09-16
499,일반음식점,향수정원,충청북도 옥천군 옥천읍 향수5길 8-2,2026-09-16
500,일반음식점,얼룩배기 보리밥 식당,충청북도 옥천군 옥천읍 성왕로 1309,2026-09-16
501,일반음식점,돌바우풍천장어,충청북도 옥천군 군북면 비야대정로 187,2026-09-16
502,일반음식점,인생술집,충청북도 옥천군 옥천읍 금장로 53,2026-09-16
503,일반음식점,자담치킨&호프Cafe,충청북도 옥천군 옥천읍 가화길 16,2026-09-16
504,일반음식점,블랑,충청북도 옥천군 옥천읍 성왕로 1262,2026-09-16
505,일반음식점,닭먹고 오리발,충청북도 옥천군 군서면 성왕로 830-7,2026-09-16
506,일반음식점,수 커피&호프,충청북도 옥천군 청산면 지전길 33-5,2026-09-16
507,일반음식점,월이산 사골칼국수,충청북도 옥천군 이원면 원동2길 4,2026-09-16
508,일반음식점,어머니와 장독대,충청북도 옥천군 동이면 금강로 183,2026-09-16
509,일반음식점,중식당향수,충청북도 옥천군 옥천읍 향수2길 29-14,2026-09-16
510,일반음식점,옥천대박집,충청북도 옥천군 옥천읍 중앙로 13,2026-09-16
511,일반음식점,오천년코다리,충청북도 옥천군 옥천읍 삼금로1길 15,2026-09-16
512,일반음식점,삼천포횟집,충청북도 옥천군 옥천읍 삼금로3길 20,2026-09-16
513,일반음식점,시골집보리밥,충청북도 옥천군 청산면 지전길 33,2026-09-16
514,일반음식점,청산애(愛) 보쌈칼국수,충청북도 옥천군 청산면 지전길 33,2026-09-16
515,일반음식점,고향보리밥,충청북도 옥천군 옥천읍 삼금로5길 5-14 (205호 206호),2026-09-16
516,일반음식점,부엉이타로까페,충청북도 옥천군 옥천읍 관성로1길 9-4,2026-09-16
517,일반음식점,신입파스타 옥천점,충청북도 옥천군 옥천읍 중앙로3길 5,2026-09-16
518,일반음식점,냅(NAP),충청북도 옥천군 옥천읍 가화3길 22,2026-09-16
519,일반음식점,커피타임,충청북도 옥천군 옥천읍 향수길 97,2026-09-16
520,일반음식점,사진카페 2월,충청북도 옥천군 옥천읍 관성로3길 8,2026-09-16
521,일반음식점,안덕벌 돈까스,충청북도 옥천군 옥천읍 성암2길 19-1,2026-09-16
522,일반음식점,착한감자탕해장국,"충청북도 옥천군 옥천읍 동부로 16, 102호 (하늘빛아파트상가)",2026-09-16
523,일반음식점,민들레,충청북도 옥천군 옥천읍 양수로 25-7,2026-09-16
524,일반음식점,미스터 삼겹살 꼬치 전문점,충청북도 옥천군 옥천읍 중앙로4길 19 (보영주택),2026-09-16
525,일반음식점,썬 뷔페,"충청북도 옥천군 이원면 이원역길 39-1, 음식점",2026-09-16
526,일반음식점,떡볶이가족,충청북도 옥천군 옥천읍 문장로 76,2026-09-16
527,일반음식점,샘이깊은물,충청북도 옥천군 옥천읍 향수길 63,2026-09-16
528,일반음식점,순이네 칼국수,"충청북도 옥천군 청산면 지전길 16, 103호",2026-09-16
529,일반음식점,국빈식당,"충청북도 옥천군 안내면 현리길 80, 안내양조장",2026-09-16
530,일반음식점,평곡식당,충청북도 옥천군 군서면 성왕로 459-5,2026-09-16
531,일반음식점,평양식당,충청북도 옥천군 청산면 지전길 49,2026-09-16
532,일반음식점,허갈닭강정,"충청북도 옥천군 옥천읍 삼양로 86, 음식점",2026-09-16
533,일반음식점,호호본가낙지,충청북도 옥천군 옥천읍 문장로5길 12,2026-09-16
534,일반음식점,메밀고개 시골막국수,"충청북도 옥천군 옥천읍 옥천동이로 300, 가든",2026-09-16
535,일반음식점,갈비탕집,충청북도 옥천군 옥천읍 가화길 14,2026-09-16
536,일반음식점,모녀손만두,"충청북도 옥천군 옥천읍 동부로 16, 상가101동 3호 (하늘빛아파트)",2026-09-16
537,일반음식점,대청호펜션식당,충청북도 옥천군 군북면 비야대정로 313,2026-09-16
538,일반음식점,달보드레 cafe,"충청북도 옥천군 옥천읍 양수로 25-7, 301동 103호",2026-09-16
539,일반음식점,류재열의 명품코다리,충청북도 옥천군 옥천읍 중앙로 24,2026-09-16
540,일반음식점,옥천성모장례식장,충청북도 옥천군 옥천읍 성왕로 1195,2026-09-16
541,일반음식점,마지식당,충청북도 옥천군 옥천읍 신기3길 31-13,2026-09-16
542,일반음식점,카페63,충청북도 옥천군 옥천읍 성신로 63,2026-09-16
543,일반음식점,달구지,"충청북도 옥천군 옥천읍 중앙로 13-9, 상점",2026-09-16
544,일반음식점,인산해물칼국수,충청북도 옥천군 옥천읍 문장로 47,2026-09-16
545,일반음식점,우이당(꽃내풀네),충청북도 옥천군 안남면 연주3길 9,2026-09-16
546,일반음식점,카페삼양리,충청북도 옥천군 옥천읍 삼양로6길 13-5,2026-09-16
547,일반음식점,산내들,충청북도 옥천군 이원면 묘목로 114-1,2026-09-16
548,일반음식점,뜨끈뜨끈 해장국 감자탕,충청북도 옥천군 옥천읍 동부로 8,2026-09-16
549,일반음식점,소담소담,충청북도 옥천군 옥천읍 관성로3길 3,2026-09-16
550,일반음식점,오네마루,충청북도 옥천군 군북면 성왕로 1873-14,2026-09-16
551,일반음식점,부부식당 bistro bubu,충청북도 옥천군 옥천읍 성신로 59,2026-09-16
552,일반음식점,해바라기 카페,충청북도 옥천군 이원면 강청길 30,2026-09-16
553,일반음식점,뜰팡,"충청북도 옥천군 옥천읍 가화길 88, 옥천푸드 직매장",2026-09-16
554,일반음식점,프란스테이션,충청북도 옥천군 군북면 성왕로 1873-10,2026-09-16
555,일반음식점,국빈,"충청북도 옥천군 군북면 비야대정로 282-15, 주택",2026-09-16
556,일반음식점,개울건너,충청북도 옥천군 군서면 금산2길 8-9,2026-09-16
557,일반음식점,명동돈까스,"충청북도 옥천군 옥천읍 관성로2길 4-7, 음식점",2026-09-16
558,일반음식점,청산해산물집,충청북도 옥천군 청산면 지전길 33-5,2026-09-16
559,일반음식점,명륜진사갈비 옥천점,"충청북도 옥천군 옥천읍 금장로 70, 디지털프라자 1층",2026-09-16
560,일반음식점,우리동네 정육식당,"충청북도 옥천군 옥천읍 성신로 68, 상점",2026-09-16
561,일반음식점,쿵더쿵,충청북도 옥천군 안내면 현리3길 16,2026-09-16
562,일반음식점,가마치통닭,"충청북도 옥천군 옥천읍 중앙로 41-1, 상점",2026-09-16
563,일반음식점,주가네원두막,"충청북도 옥천군 동이면 평산길 9-1, 주택",2026-09-16
564,일반음식점,이은희 해물전문점,충청북도 옥천군 안내면 현리4길 52,2026-09-16
565,일반음식점,향수한우소국밥,"충청북도 옥천군 옥천읍 향수길 6, 1층",2026-09-16
566,일반음식점,꿈앤돈,충청북도 옥천군 옥천읍 매동로 175,2026-09-16
567,일반음식점,정담한식뷔페,"충청북도 옥천군 옥천읍 삼양로 56, 미용실",2026-09-16
568,일반음식점,두리식당,충청북도 옥천군 안내면 장계1길 7,2026-09-16
569,일반음식점,짱가분식,충청북도 옥천군 청산면 지전길 45,2026-09-16
570,일반음식점,시골해장국,충청북도 옥천군 옥천읍 중앙로 13,2026-09-16
571,일반음식점,진식이네,"충청북도 옥천군 옥천읍 삼금로5길 22, 제일부동산",2026-09-16
572,일반음식점,염소야,충청북도 옥천군 청산면 지전1길 8,2026-09-16
573,일반음식점,옥천에서두번째맛있는집,충청북도 옥천군 옥천읍 향수4길 7-11,2026-09-16
574,일반음식점,비꽃 도토리,"충청북도 옥천군 군북면 비야대정로 401, 음식점",2026-09-16
575,일반음식점,장군 녹두 삼계탕,"충청북도 옥천군 옥천읍 문장로 131, 음식점",2026-09-16
576,일반음식점,한밭식당,"충청북도 옥천군 옥천읍 삼금로 29, 상점",2026-09-16
577,일반음식점,수제 情돈까스,충청북도 옥천군 이원면 건진3길 10,2026-09-16
578,일반음식점,커피마시는 고양이,충청북도 옥천군 옥천읍 지용로 19,2026-09-16
579,일반음식점,취향마라마라탕 충북옥천점,"충청북도 옥천군 옥천읍 중앙로 54, 상점",2026-09-16
580,일반음식점,新대성갈비,충청북도 옥천군 이원면 이원로 385,2026-09-16
581,일반음식점,바람결,충청북도 옥천군 군북면 성왕로 1884,2026-09-16
582,일반음식점,김치도가,"충청북도 옥천군 옥천읍 응천길 5, 수리점",2026-09-16
583,일반음식점,김밥세상,"충청북도 옥천군 옥천읍 삼금로 33-1, 김내과 의원 주1동",2026-09-16
584,일반음식점,셉템버나인커피로스터(September 9th Coffee Roaster),충청북도 옥천군 옥천읍 장야4길 26-1,2026-09-16
585,일반음식점,카페오기,"충청북도 옥천군 옥천읍 중앙로6길 4-1, 주점",2026-09-16
586,일반음식점,송고가,충청북도 옥천군 옥천읍 향수길 100,2026-09-16
587,일반음식점,스모프양념통닭 옥천(이원점),충청북도 옥천군 이원면 신흥길 9-4,2026-09-16
588,일반음식점,달카페,충청북도 옥천군 이원면 묘목로 113,2026-09-16
589,일반음식점,대복삼겹 옥천점,충청북도 옥천군 옥천읍 삼양로 44,2026-09-16
590,일반음식점,산들포차,충청북도 옥천군 옥천읍 중앙로3길 5,2026-09-16
591,일반음식점,무크,"충청북도 옥천군 옥천읍 문장로 77, 철거",2026-09-16
592,일반음식점,우리집,충청북도 옥천군 옥천읍 중앙로6길 6,2026-09-16
593,일반음식점,국민 뼈구이,충청북도 옥천군 옥천읍 금장로 86,2026-09-16
594,일반음식점,카푸치노,충청북도 옥천군 옥천읍 대학2길 2,2026-09-16
595,일반음식점,30년 전통 소머리국밥,"충청북도 옥천군 군북면 옥천로 1118, 음식점",2026-09-16
596,일반음식점,착한감자탕해장국,충청북도 옥천군 청산면 교평길 40-18,2026-09-16
597,일반음식점,모녀손만두 본점,"충청북도 옥천군 옥천읍 장야1길 7-11, 청마",2026-09-16
598,일반음식점,갤러리카페 교동,충청북도 옥천군 옥천읍 지용로 112,2026-09-16
599,일반음식점,복골칼국수,"충청북도 옥천군 옥천읍 향수3길 32, 그리고",2026-09-16
600,일반음식점,금동이네 소머리국밥 수구리요리,충청북도 옥천군 옥천읍 성왕로 1189,2026-09-16
601,일반음식점,아이케이레스토랑,"충청북도 옥천군 옥천읍 삼금로 30, 소매시장",2026-09-16
602,일반음식점,청년피자 옥천점,충청북도 옥천군 옥천읍 중앙로 37,2026-09-16
603,일반음식점,옥천민물매운탕,"충청북도 옥천군 옥천읍 성왕로 1091, 옥천공업사",2026-09-16
604,일반음식점,임실치즈피자&멕시칸치킨,충청북도 옥천군 옥천읍 문장로 62,2026-09-16
605,일반음식점,피자엠소마 옥천점,충청북도 옥천군 옥천읍 중앙로 38,2026-09-16
606,일반음식점,왕돼지,충청북도 옥천군 옥천읍 신기3길 15-1,2026-09-16
607,일반음식점,샐러디아&달꼬미,"충청북도 옥천군 옥천읍 중앙로 14-16, 1층",2026-09-16
608,일반음식점,막걸리 한잔,충청북도 옥천군 옥천읍 서부로 40,2026-09-16
609,일반음식점,푸라닭 충북옥천,"충청북도 옥천군 옥천읍 중앙로 37-2, 상점",2026-09-16
610,일반음식점,꽃길식당,충청북도 옥천군 옥천읍 가화4길 66,2026-09-16
611,일반음식점,장강,"충청북도 옥천군 옥천읍 삼양로 58, 빌딩",2026-09-16
612,일반음식점,원더빌키즈카페,충청북도 옥천군 옥천읍 문장로 116,2026-09-16
613,일반음식점,한신우동 옥천점,충청북도 옥천군 옥천읍 금장로 90,2026-09-16
614,일반음식점,아는공간 덕분,"충청북도 옥천군 안남면 연주길 27, 안남승차권판매소",2026-09-16
615,일반음식점,이석만두,충청북도 옥천군 옥천읍 성암2길 19,2026-09-16
616,일반음식점,나래식당,"충청북도 옥천군 안내면 현리3길 2-1, 음식점",2026-09-16
617,일반음식점,옥이네식당,"충청북도 옥천군 옥천읍 중앙로8길 8, 음식점",2026-09-16
618,일반음식점,샤브쌈주머니,"충청북도 옥천군 옥천읍 중앙로 110, 주 1동 1층",2026-09-16
619,일반음식점,한국냉면,충청북도 옥천군 옥천읍 옥천동이로 22,2026-09-16
620,일반음식점,삼첩분식(옥천점),"충청북도 옥천군 옥천읍 삼금로5길 11, 이룸학원",2026-09-16
621,일반음식점,교촌치킨 충북옥천점,"충청북도 옥천군 옥천읍 문장로 93, 1층",2026-09-16
622,일반음식점,야미마라탕,충청북도 옥천군 옥천읍 관성로2길 4-28,2026-09-16
623,일반음식점,교동카츠,충청북도 옥천군 옥천읍 향수길 97,2026-09-16
624,일반음식점,굽네치킨 충북옥천점,충청북도 옥천군 옥천읍 양수로 30-2,2026-09-16
625,일반음식점,비쥬(Bi-jou),충청북도 옥천군 옥천읍 중앙로2길 13,2026-09-16
626,일반음식점,88포장마차 옥천점,"충청북도 옥천군 옥천읍 금장로 47, 1,2층",2026-09-16
627,일반음식점,도둑놈 뒷고기,충청북도 옥천군 옥천읍 장야1길 3,2026-09-16
628,일반음식점,유일돈,충청북도 옥천군 옥천읍 중앙로1길 12,2026-09-16
629,일반음식점,포레포라,"충청북도 옥천군 군북면 감로길 24-9, 포레포라",2026-09-16
630,일반음식점,부드럽소,충청북도 옥천군 옥천읍 신기5길 5,2026-09-16
631,일반음식점,진달래가든 2호점,충청북도 옥천군 옥천읍 옥천동이로 225-7,2026-09-16
632,일반음식점,관산성 한우,"충청북도 옥천군 옥천읍 향수3길 8, 1~2층",2026-09-16
633,일반음식점,더우담,충청북도 옥천군 옥천읍 향수3길 8,2026-09-16
634,일반음식점,늘조은콩나물국밥,"충청북도 옥천군 옥천읍 양수로 25-7, 102호 (옥천지엘리베라움아파트)",2026-09-16
635,일반음식점,또와,충청북도 옥천군 옥천읍 중앙로8길 16-6,2026-09-16
636,일반음식점,노랑통닭,"충청북도 옥천군 옥천읍 장야2길 13-1, 1층",2026-09-16
637,일반음식점,방앗간한식뷔페,"충청북도 옥천군 이원면 신흥길 11, 교육연구 및 복지시설 1층",2026-09-16
638,일반음식점,79피자 옥천점,"충청북도 옥천군 옥천읍 중앙로 85-1, 상가",2026-09-16
639,일반음식점,헬로삼겹살,"충청북도 옥천군 옥천읍 장야4길 46-2, J하우스 2동",2026-09-16
640,일반음식점,민들레뷔페 신바람찐빵만두,충청북도 옥천군 동이면 세산1길 2-1,2026-09-16
641,일반음식점,은경이네,"충청북도 옥천군 옥천읍 삼금로5길 5-14, 옥천공설시장 주1동 122호",2026-09-16
642,일반음식점,지후니네 옥천점,충청북도 옥천군 옥천읍 금장로 47-3,2026-09-16
643,일반음식점,태평루,"충청북도 옥천군 동이면 평산4길 5, 창고",2026-09-16
644,일반음식점,모녀손만두 2호점,"충청북도 옥천군 옥천읍 동부로 16, 101동 8호 (하늘빛아파트)",2026-09-16
645,일반음식점,티바두마리치킨,"충청북도 옥천군 옥천읍 관성로3길 9, 음식점",2026-09-16
646,일반음식점,스마일푸드(도로시),"충청북도 옥천군 옥천읍 금장로 70, 2층",2026-09-16
647,일반음식점,유성갈비옥천점,"충청북도 옥천군 옥천읍 지용로 31, 1층",2026-09-16
648,일반음식점,건행치킨,충청북도 옥천군 옥천읍 삼금로 41,2026-09-16
649,일반음식점,사거리,충청북도 옥천군 이원면 묘목로 113,2026-09-16
650,일반음식점,쫑네,충청북도 옥천군 옥천읍 중앙로7길 5,2026-09-16
651,일반음식점,옥소,"충청북도 옥천군 옥천읍 가화4길 65, 계룡리슈빌 상가 112동 1층 105호",2026-09-16
652,일반음식점,왔따 쪽갈비 구이&찜,"충청북도 옥천군 옥천읍 금장로 59, 음식점 1층",2026-09-16
653,일반음식점,와이케이푸드(쭈꾸미 한판 옥천점),"충청북도 옥천군 옥천읍 문장로 104, 슈퍼",2026-09-16
654,일반음식점,강대박,충청북도 옥천군 동이면 옥천로 2286,2026-09-16
655,일반음식점,나의 이야기 장터,충청북도 옥천군 옥천읍 삼양로 50,2026-09-16
656,일반음식점,피자는 치즈빨 옥천점,충청북도 옥천군 옥천읍 성신로 71,2026-09-16
657,일반음식점,반찬냉장고,"충청북도 옥천군 옥천읍 신기2길 8-5, 1층",2026-09-16
658,일반음식점,한마음정육식당 충북옥천점,"충청북도 옥천군 옥천읍 옥천로 1677-1, 1층 건물좌측호",2026-09-16
659,일반음식점,담아정,충청북도 옥천군 옥천읍 향수길 13-3,2026-09-16
660,일반음식점,힐링터 야관문 능이백숙과 돌솥밥 17000원 옥천본점,"충청북도 옥천군 군북면 이백1길 5-1, 음식점",2026-09-16
661,일반음식점,향수꿀카페,충청북도 옥천군 동이면 동이농공길 35,2026-09-16
662,일반음식점,형덕포차,충청북도 옥천군 옥천읍 삼금로5길 17,2026-09-16
663,일반음식점,행복정육식당,"충청북도 옥천군 옥천읍 양수로 30-2, 102호",2026-09-16
664,일반음식점,강이랑,충청북도 옥천군 군북면 성왕로 1873-5,2026-09-16
665,일반음식점,미락,충청북도 옥천군 군서면 동평4길 20-3,2026-09-16
666,일반음식점,명태마을,"충청북도 옥천군 청산면 지전길 26-1, 상점",2026-09-16
667,일반음식점,가장맛있는족발 옥천점,"충청북도 옥천군 옥천읍 중앙로10길 5, 상점",2026-09-16
668,일반음식점,한가네,"충청북도 옥천군 이원면 신흥3길 11, 제조업서",2026-09-16
669,일반음식점,만타스시31 옥천점,"충청북도 옥천군 옥천읍 금장로 46-1, SK텔레콤",2026-09-16
670,일반음식점,은행리 왕만두,충청북도 옥천군 군서면 은행1길 48,2026-09-16
671,일반음식점,꽃차덖는집,충청북도 옥천군 옥천읍 향수길 55,2026-09-16
672,일반음식점,장터소머리국밥,"충청북도 옥천군 옥천읍 금장로 110-18, 일반음식점",2026-09-16
673,일반음식점,어쩌다 메리,"충청북도 옥천군 옥천읍 삼금로5길 5-14, 옥천공설시장 주1동 115호호",2026-09-16
674,일반음식점,만족,"충청북도 옥천군 옥천읍 삼금로5길 5-14, 옥천공설시장 주1동 121호",2026-09-16
675,일반음식점,타코볼,"충청북도 옥천군 옥천읍 중앙로 53, 1층",2026-09-16
676,일반음식점,오리도니 옥천점,충청북도 옥천군 옥천읍 중앙로2길 1-3,2026-09-16
677,일반음식점,영이네,충청북도 옥천군 옥천읍 옥천로 1555,2026-09-16
678,일반음식점,제이피푸드,"충청북도 옥천군 옥천읍 금장로 52-1, 음식점 2층",2026-09-16
679,일반음식점,남경루 옥천점,"충청북도 옥천군 옥천읍 동부로 10, 2층",2026-09-16
680,일반음식점,원(元)고기집,"충청북도 옥천군 옥천읍 양수로 39, 2호",2026-09-16
681,일반음식점,공주칼국수 옥천점,"충청북도 옥천군 옥천읍 문정1길 29-15, 음식점",2026-09-16
682,일반음식점,주이장,충청북도 옥천군 이원면 건진3길 128,2026-09-16
683,일반음식점,루프탑 앤 펍,"충청북도 옥천군 옥천읍 성신로 86, 3층",2026-09-16
684,일반음식점,쑈진즈마라탕 옥천점,"충청북도 옥천군 옥천읍 중앙로 56, 상점",2026-09-16
685,일반음식점,촌집,충청북도 옥천군 옥천읍 향수3길 37-3,2026-09-16
686,일반음식점,향수올갱이,"충청북도 옥천군 옥천읍 삼금로5길 5-14, 옥천공설시장 주1동 111호",2026-09-16
687,일반음식점,푸름돌이 통밀빵,충청북도 옥천군 옥천읍 금장로 86,2026-09-16
688,일반음식점,담쟁이 한정식,충청북도 옥천군 옥천읍 지용로 31,2026-09-16
689,일반음식점,옥천식당 오케이,충청북도 옥천군 옥천읍 중앙로7길 6-1,2026-09-16
690,일반음식점,밸리,충청북도 옥천군 군북면 추소길 8-41,2026-09-16
691,일반음식점,주식회사 해시랑,충청북도 옥천군 옥천읍 향수5길 1,2026-09-16
692,일반음식점,야무진푸드,"충청북도 옥천군 옥천읍 가화3길 6, 다산금빛아파트",2026-09-16
693,일반음식점,꼬마포차,충청북도 옥천군 옥천읍 중앙로8길 12-5,2026-09-16
694,일반음식점,거상 한식뷔페,충청북도 옥천군 옥천읍 동안1길 17,2026-09-16
695,일반음식점,진벌꿀푸드,충청북도 옥천군 안남면 지수1길 208,2026-09-16
696,일반음식점,쭌,충청북도 옥천군 옥천읍 문장로 104,2026-09-16
697,일반음식점,머엉,"충청북도 옥천군 동이면 선사로 27, 주택",2026-09-16
698,일반음식점,청산반점,"충청북도 옥천군 청산면 지전길 16, 보험회사",2026-09-16
699,일반음식점,가마솥 옥천순대,"충청북도 옥천군 옥천읍 중앙로1길 13, 음식점",2026-09-16
700,일반음식점,와와초밥,충청북도 옥천군 옥천읍 향수길 73,2026-09-16
701,일반음식점,연한식뷔페,"충청북도 옥천군 옥천읍 삼양로 38-22, 상가",2026-09-16
702,일반음식점,J2카페,"충청북도 옥천군 옥천읍 지용로 31, 2층",2026-09-16
703,일반음식점,금장로 46,충청북도 옥천군 옥천읍 금장로 46,2026-09-16
704,일반음식점,피자나라 치킨공주 옥천점,충청북도 옥천군 옥천읍 중앙로7길 2,2026-09-16
705,일반음식점,카페대장간,충청북도 옥천군 군북면 비야대정로 176-9,2026-09-16
706,일반음식점,홍콩반점0410 옥천양수점,"충청북도 옥천군 옥천읍 양수로 39, 3호",2026-09-16
707,일반음식점,따스한 봄날,충청북도 옥천군 옥천읍 중앙로9길 18,2026-09-16
708,일반음식점,헬로순살치킨,"충청북도 옥천군 동이면 옥천동이로 639, 주택",2026-09-16
709,일반음식점,칼국수 전문점 해와달,충청북도 옥천군 안남면 연주길 34,2026-09-16
710,일반음식점,베이커리 공유,충청북도 옥천군 옥천읍 신기2길 15-3,2026-09-16
711,일반음식점,선미네올갱이,"충청북도 옥천군 이원면 묘목로 118, 1층",2026-09-16
712,일반음식점,예술공간 안남,충청북도 옥천군 안남면 연주길 38-13,2026-09-16
713,일반음식점,수맥,"충청북도 옥천군 옥천읍 지용로 27, 무성 2층",2026-09-16
714,일반음식점,김밥愛진심,"충청북도 옥천군 옥천읍 중앙로 14-1, 상가",2026-09-16
715,일반음식점,부엌,충청북도 옥천군 안남면 연주길 28-9,2026-09-16
716,일반음식점,뚜띠쿠치나 향수옥천점,충청북도 옥천군 군서면 월전2길 3,2026-09-16
717,일반음식점,옥천왕돈가스,충청북도 옥천군 옥천읍 옥천로 1640,2026-09-16
718,일반음식점,양수리 스크린골프,"충청북도 옥천군 옥천읍 서부로 16, 2층",2026-09-16
719,일반음식점,롸버트치킨(옥천점),충청북도 옥천군 옥천읍 성왕로 1440,2026-09-16
720,일반음식점,옥천 칠성순대집,충청북도 옥천군 옥천읍 향수1길 19-9,2026-09-16
721,일반음식점,향수 추어본가,충청북도 옥천군 옥천읍 중앙로 147,2026-09-16
722,일반음식점,화로,"충청북도 옥천군 옥천읍 중앙로4길 5-3, 음식점",2026-09-16
723,일반음식점,이안다원한식뷔페 가화점,충청북도 옥천군 옥천읍 가화길 8,2026-09-16
724,일반음식점,올디너리(Ordinary),충청북도 옥천군 옥천읍 문장로 65-13,2026-09-16
725,일반음식점,베트남쌀국수 아시아식품,"충청북도 옥천군 옥천읍 관성로1길 5-1, 주1동",2026-09-16
726,일반음식점,향수길 33,"충청북도 옥천군 옥천읍 향수길 33, 음식점",2026-09-16
727,일반음식점,이준하 생고기 김치찌개,충청북도 옥천군 옥천읍 중앙로 4,2026-09-16
728,일반음식점,향기가있는공방&카페,충청북도 옥천군 옥천읍 삼금로5길 20,2026-09-16
729,일반음식점,대나무,충청북도 옥천군 군북면 석호길 411,2026-09-16
730,일반음식점,국수나무 옥천점,"충청북도 옥천군 옥천읍 중앙로7길 9, 음식점",2026-09-16
731,일반음식점,골목손칼국수,"충청북도 옥천군 옥천읍 삼금로 42, 상점",2026-09-16
732,일반음식점,불닭발 땡초 동대문 엽기떡볶이 충북옥천점,"충청북도 옥천군 옥천읍 금장로 39, 1층",2026-09-16
733,일반음식점,안심수제도시락,"충청북도 옥천군 옥천읍 응천1길 9, 1층 105호",2026-09-16
734,일반음식점,보양식백화점,"충청북도 옥천군 이원면 신흥1길 17-1, 음식점",2026-09-16
735,일반음식점,인살루드,충청북도 옥천군 옥천읍 장야4길 46,2026-09-16
736,일반음식점,샤브마니아 옥천점,충청북도 옥천군 옥천읍 장서로 20,2026-09-16
737,일반음식점,꿈꾸는 아낙,충청북도 옥천군 군북면 비야대정로 282-98,2026-09-16
738,일반음식점,향수식당,충청북도 옥천군 이원면 신흥1길 10,2026-09-16
739,일반음식점,고레와스시,충청북도 옥천군 옥천읍 금장로 53-3,2026-09-16
740,일반음식점,야무진형제들 옥천점,"충청북도 옥천군 옥천읍 대학1길 3, 1층",2026-09-16
741,일반음식점,거목식당,"충청북도 옥천군 군서면 사양2길 54, 1층",2026-09-16
742,일반음식점,구여사컵밥 충북옥천점,충청북도 옥천군 옥천읍 중앙로 14-16,2026-09-16
743,일반음식점,양술이87번지,"충청북도 옥천군 옥천읍 가화4길 65, 옥천계룡리슈빌아파트",2026-09-16
744,일반음식점,돈뼈다구,충청북도 옥천군 옥천읍 응천1길 91-4,2026-09-16
745,일반음식점,마장동 한돈,충청북도 옥천군 옥천읍 중앙로7길 4,2026-09-16
746,일반음식점,주향,충청북도 옥천군 옥천읍 금장로 53-5,2026-09-16
747,일반음식점,영미네,"충청북도 옥천군 옥천읍 중앙로8길 10, 점포주택 1층",2026-09-16
748,일반음식점,고기듬뿍,충청북도 옥천군 옥천읍 장야2길 7,2026-09-16
749,일반음식점,솜니움,충청북도 옥천군 군서면 월전2길 1,2026-09-16
750,일반음식점,한빛식당,충청북도 옥천군 옥천읍 지용로 321-1,2026-09-16
751,일반음식점,기와,충청북도 옥천군 군북면 환산로 442,2026-09-16
752,일반음식점,이팝,충청북도 옥천군 군북면 성왕로 1941,2026-09-16
753,일반음식점,유록당 베이커리,"충청북도 옥천군 옥천읍 금장로 53-14, 근린생활시설, 주차시설 103호",2026-09-16
754,일반음식점,산모루,충청북도 옥천군 옥천읍 향수3길 23,2026-09-16
755,일반음식점,포크 파스타,충청북도 옥천군 옥천읍 삼양로 96,2026-09-16
756,일반음식점,한잔어때?,"충청북도 옥천군 옥천읍 가화3길 6, 다산금빛아파트 104동 4호",2026-09-16
757,일반음식점,청산에 송어촌,충청북도 옥천군 청산면 대성1길 74,2026-09-16
758,일반음식점,따스한 봄날2,"충청북도 옥천군 옥천읍 중앙로9길 18, 어린이집",2026-09-16
759,일반음식점,자담치킨&호프cafe,충청북도 옥천군 이원면 신흥길 14,2026-09-16
760,일반음식점,김호권의 청년어부 옥천점,"충청북도 옥천군 옥천읍 마장로 6-2, 사무소",2026-09-16
761,일반음식점,카페 엠파(cafe empAH),충청북도 옥천군 옥천읍 양수로 76,2026-09-16
762,일반음식점,오늘통닭 옥천점,충청북도 옥천군 옥천읍 금장로 55-2,2026-09-16
763,일반음식점,동이순대,충청북도 옥천군 옥천읍 삼양로 44,2026-09-16
764,일반음식점,그램그램 옥천점,충청북도 옥천군 옥천읍 성암2길 7-4,2026-09-16
765,일반음식점,분식땡기는날!,"충청북도 옥천군 옥천읍 삼금로5길 5-14, 옥천공설시장 주1동 101호",2026-09-16
766,일반음식점,산이네 꼬마김밥,"충청북도 옥천군 이원면 신흥길 9-4, 세탁소",2026-09-16
767,일반음식점,청담카페,"충청북도 옥천군 청산면 남부로 2248-30, 1층",2026-09-16
768,일반음식점,상촌단팥빵 카페,"충청북도 옥천군 옥천읍 성왕로 1303, A동",2026-09-16
769,일반음식점,이백식당,"충청북도 옥천군 군북면 이백길 51-2, 공장",2026-09-16
770,일반음식점,마을회관 HOF,"충청북도 옥천군 옥천읍 양수로 30-2, 101호",2026-09-16
771,일반음식점,더비빔 옥천점,"충청북도 옥천군 옥천읍 삼양로 38-28, 식당",2026-09-16
772,일반음식점,노오랑 찻집,충청북도 옥천군 청산면 지전길 52,2026-09-16
773,일반음식점,또와순대,"충청북도 옥천군 군북면 이백1길 13-8, 음식점",2026-09-16
774,일반음식점,사랑방 사주 타로,충청북도 옥천군 옥천읍 향수2길 2,2026-09-16
775,일반음식점,아쿠아델리아,충청북도 옥천군 청산면 남부로 2266,2026-09-16
776,일반음식점,큰솥순대,"충청북도 옥천군 옥천읍 신기5길 1, 음식점",2026-09-16
777,일반음식점,잔치집,"충청북도 옥천군 옥천읍 삼금로5길 5-14, 옥천공설시장 주1동 202,203,204호",2026-09-16
778,일반음식점,되지,"충청북도 옥천군 옥천읍 중앙로 41, 상점",2026-09-16
779,일반음식점,황제보리밥,"충청북도 옥천군 안남면 연주길 30, 음식점",2026-09-16
780,일반음식점,전주미담콩나물국밥 옥천점,충청북도 옥천군 옥천읍 삼금로 27-1,2026-09-16
781,일반음식점,깨콩방앗간,"충청북도 옥천군 옥천읍 삼금로5길 5-14, 옥천공설시장 주1동 120호",2026-09-16
782,일반음식점,강연우 동태찌개 옥천점,"충청북도 옥천군 옥천읍 문장로 98-29, 음식점",2026-09-16
783,일반음식점,석촌cafe,충청북도 옥천군 옥천읍 삼금로1길 3-1,2026-09-16
784,일반음식점,대청추어정,충청북도 옥천군 군북면 비야대정로 155,2026-09-16
785,일반음식점,바우,충청북도 옥천군 옥천읍 금장로 46,2026-09-16
786,일반음식점,옥천집,충청북도 옥천군 옥천읍 문장로 135,2026-09-16
787,일반음식점,구읍상회,충청북도 옥천군 옥천읍 향수길 72,2026-09-16
788,일반음식점,하동오리,충청북도 옥천군 군서면 하동3길 109,2026-09-16
789,일반음식점,사회적협동조합 상큼,"충청북도 옥천군 옥천읍 금장로 55, 음식점",2026-09-16
790,일반음식점,따뜻한 밥상,"충청북도 옥천군 옥천읍 중앙로 135, 휴게편의시설",2026-09-16
791,일반음식점,용암식당,충청북도 옥천군 옥천읍 삼청2길 172-2,2026-09-16
792,일반음식점,토핑몬스터피자,"충청북도 옥천군 옥천읍 금장로 59, 음식점",2026-09-16
793,일반음식점,행복한찹쌀꽈배기,충청북도 옥천군 옥천읍 옥천로 1638,2026-09-16
794,일반음식점,역전뒷고기포차,충청북도 옥천군 옥천읍 중앙로1길 3,2026-09-16
795,일반음식점,금강포차,충청북도 옥천군 옥천읍 중앙로7길 4,2026-09-16
796,일반음식점,영카페,"충청북도 옥천군 청산면 지전길 35, 청산농약사",2026-09-16
797,일반음식점,올래수제비,"충청북도 옥천군 옥천읍 가화길 25, 음식점",2026-09-16
798,일반음식점,이원한식뷔페,"충청북도 옥천군 이원면 신흥길 5-16, 이(미)용원",2026-09-16
799,일반음식점,퇴근집,"충청북도 옥천군 옥천읍 마장로 20, B03호 (옥천양우내안애)",2026-09-16
800,일반음식점,유월의연 옥천점,충청북도 옥천군 옥천읍 양수로 33,2026-09-16
801,일반음식점,카페유락,충청북도 옥천군 옥천읍 동부로 140-19,2026-09-16
802,일반음식점,성신로 59,충청북도 옥천군 옥천읍 성신로 59,2026-09-16
803,일반음식점,슈가n샐,충청북도 옥천군 옥천읍 신기2길 8-5,2026-09-16
804,일반음식점,늘봄,"충청북도 옥천군 옥천읍 금장로 38, 대호 모텔.사우나",2026-09-16
805,일반음식점,하루밥상,충청북도 옥천군 옥천읍 신기3길 32,2026-09-16
806,일반음식점,진숙이네 집밥,"충청북도 옥천군 동이면 옥천동이로 633, 방앗간",2026-09-16
807,일반음식점,풀먹는호랭이,충청북도 옥천군 안남면 연주길 27-8,2026-09-16
808,일반음식점,은경 매운국물닭발,충청북도 옥천군 옥천읍 금장로 55-2,2026-09-16
809,일반음식점,남도보쌈짚 옥천점,"충청북도 옥천군 옥천읍 성왕로 1303, C동",2026-09-16
810,일반음식점,순희네 손맛김치,충청북도 옥천군 옥천읍 중앙로4길 3,2026-09-16
811,일반음식점,유정국수,충청북도 옥천군 옥천읍 성신로 81,2026-09-16
812,휴게음식점,중앙다방,충청북도 옥천군 군서면 동평4길 3,2026-09-16
813,휴게음식점,수정다방 ,충청북도 옥천군 안내면 현리길 88-1,2026-09-16
814,휴게음식점,로얄다방 ,충청북도 옥천군 청산면 지전길 21,2026-09-16
815,휴게음식점,옥천(부산방향)휴게소(한신우동),"충청북도 옥천군 옥천읍 서대구일로 265-19, 3호",2026-09-16
816,휴게음식점,롯데리아 옥천점,충청북도 옥천군 옥천읍 중앙로 45,2026-09-16
817,휴게음식점,현이네분식,"충청북도 옥천군 옥천읍 삼금로 42, 상점",2026-09-16
818,휴게음식점,금강휴게소(3호),충청북도 옥천군 동이면 금강로 596 (외6필지),2026-09-16
819,휴게음식점,(주)금강휴게소(4호),충청북도 옥천군 동이면 금강로 596 (외6필지),2026-09-16
820,휴게음식점,(주)금강휴게소(5호),충청북도 옥천군 동이면 금강로 596 (외6필지),2026-09-16
821,휴게음식점,이삭,충청북도 옥천군 옥천읍 중앙로 54,2026-09-16
822,휴게음식점,시장피자,"충청북도 옥천군 옥천읍 장야2길 7, 1층 101호",2026-09-16
823,휴게음식점,옥천(상)휴게소 (라면),"충청북도 옥천군 옥천읍 옥천동이로 242-34, 옥천상휴게소",2026-09-16
824,휴게음식점,옥천(상)휴게소 (열린매장),충청북도 옥천군 옥천읍 옥천동이로 242-34,2026-09-16
825,휴게음식점,옥천(상)휴게소 할리스,"충청북도 옥천군 옥천읍 옥천동이로 242-34, 옥천상휴게소",2026-09-16
826,휴게음식점,베스킨라빈스 옥천점,충청북도 옥천군 옥천읍 중앙로 42-1,2026-09-16
827,휴게음식점,야미야미,충청북도 옥천군 옥천읍 성암1길 10,2026-09-16
828,휴게음식점,CU 편의점(옥천문정주공점),충청북도 옥천군 옥천읍 문장로3길 6,2026-09-16
829,휴게음식점,태극기사식당,충청북도 옥천군 군북면 옥천로 937,2026-09-16
830,휴게음식점,쿠키렐레,충청북도 옥천군 이원면 묘목로 112,2026-09-16
831,휴게음식점,던킨도넛츠,"충청북도 옥천군 옥천읍 삼금로 39, 1층",2026-09-16
832,휴게음식점,산들바람찐빵손만두,충청북도 옥천군 군북면 옥천로 1116-3,2026-09-16
833,휴게음식점,옥천(부산방향)휴게소(엔제리너스),충청북도 옥천군 옥천읍 서대구일로 265-19,2026-09-16
834,휴게음식점,"옥천(부산방향)휴게소 인생설렁탕, 돈가스, 라면",충청북도 옥천군 옥천읍 서대구일로 265-19,2026-09-16
835,휴게음식점,샌드한끼,"충청북도 옥천군 옥천읍 서대구일로 265-19, 1호",2026-09-16
836,휴게음식점,좋은씨앗,"충청북도 옥천군 옥천읍 삼양로 58, 지하1층",2026-09-16
837,휴게음식점,시장다방,충청북도 옥천군 청산면 지전길 49-12,2026-09-16
838,휴게음식점,나나커피,충청북도 옥천군 옥천읍 대학길 16,2026-09-16
839,휴게음식점,(주)금강휴게소(하행4호),충청북도 옥천군 동이면 금강로 596,2026-09-16
840,휴게음식점,엔젤리너스옥천점,충청북도 옥천군 옥천읍 삼양로 89,2026-09-16
841,휴게음식점,올레PC방,충청북도 옥천군 옥천읍 중앙로 52,2026-09-16
842,휴게음식점,피렌체,충청북도 옥천군 청산면 지전길 46-1,2026-09-16
843,휴게음식점,GS25 옥천향수점,충청북도 옥천군 옥천읍 성왕로 1272,2026-09-16
844,휴게음식점,향수찐빵,충청북도 옥천군 옥천읍 삼양로8길 3,2026-09-16
845,휴게음식점,옥천꿈나무분식,"충청북도 옥천군 옥천읍 성암1길 20, 주1동",2026-09-16
846,휴게음식점,카페주와,충청북도 옥천군 옥천읍 지용로 329,2026-09-16
847,휴게음식점,아이점프 옥천점,충청북도 옥천군 옥천읍 문장로 82,2026-09-16
848,휴게음식점,토닥,충청북도 옥천군 안내면 현리3길 10-1,2026-09-16
849,휴게음식점,캠토(옥천점),충청북도 옥천군 옥천읍 삼양로 63,2026-09-16
850,휴게음식점,씨유옥천지엘점,"충청북도 옥천군 옥천읍 양수로 25-7, 105호 (옥천지엘리베라움아파트 상가)",2026-09-16
851,휴게음식점,피디에스 PC방,"충청북도 옥천군 옥천읍 금장로 65, 2층",2026-09-16
852,휴게음식점,나무꾼 카페,충청북도 옥천군 군북면 비야대정로 243,2026-09-16
853,휴게음식점,미스터브루쓰,충청북도 옥천군 옥천읍 향수길 40,2026-09-16
854,휴게음식점,카페보노롱,"충청북도 옥천군 옥천읍 향수길 48, 1층",2026-09-16
855,휴게음식점,메가엠지씨커피 옥천점,충청북도 옥천군 옥천읍 금장로 49-1,2026-09-16
856,휴게음식점,유니넷PC방 옥천점,충청북도 옥천군 옥천읍 금장로 26,2026-09-16
857,휴게음식점,이디야커피 옥천역점,충청북도 옥천군 옥천읍 중앙로1길 6-1,2026-09-16
858,휴게음식점,카페마루,"충청북도 옥천군 옥천읍 옥천동이로 302, 음식점",2026-09-16
859,휴게음식점,마타리,충청북도 옥천군 군서면 은행3길 50-1,2026-09-16
860,휴게음식점,캔버스 옥천점,충청북도 옥천군 옥천읍 금장로 42-1,2026-09-16
861,휴게음식점,이디야커피 충북옥천향수점,"충청북도 옥천군 옥천읍 성왕로 1263, 2층",2026-09-16
862,휴게음식점,포인트커피(Point Coffee),충청북도 옥천군 안내면 장계1길 4,2026-09-16
863,휴게음식점,연희네꼬마김밥,충청북도 옥천군 옥천읍 중앙로1길 6-1,2026-09-16
864,휴게음식점,씨유옥천이원점,"충청북도 옥천군 이원면 묘목로 101, 상점",2026-09-16
865,휴게음식점,옥천지역자활센터 카페프란스 옥천읍점,"충청북도 옥천군 옥천읍 삼금로4길 6, 1층 105호",2026-09-16
866,휴게음식점,이마트24옥천이원점,충청북도 옥천군 이원면 묘목로 110,2026-09-16
867,휴게음식점,초량순대 2호점,충청북도 옥천군 옥천읍 금장로 22,2026-09-16
868,휴게음식점,옥천(부산방향)휴게소(스넥코너),충청북도 옥천군 옥천읍 서대구일로 265-19,2026-09-16
869,휴게음식점,빽다방 충북옥천점,"충청북도 옥천군 옥천읍 중앙로 45-1, 음식점",2026-09-16
870,휴게음식점,옥천(부산방향)휴게소 던킨도너츠,충청북도 옥천군 옥천읍 서대구일로 265-19,2026-09-16
871,휴게음식점,지에스25 옥천이원점,충청북도 옥천군 이원면 묘목로 139,2026-09-16
872,휴게음식점,GS25 옥천문정주공점,충청북도 옥천군 옥천읍 문장로 31,2026-09-16
873,휴게음식점,이디야커피충북옥천중앙점,"충청북도 옥천군 옥천읍 삼양로 88, 제2종근린생활시설",2026-09-16
874,휴게음식점,엘쏘울 에스프레소(lsoul espresso),충청북도 옥천군 옥천읍 양수로 41,2026-09-16
875,휴게음식점,씨유 옥천양수점,충청북도 옥천군 옥천읍 서부로 16,2026-09-16
876,휴게음식점,cu 옥천삼양점,"충청북도 옥천군 옥천읍 중앙로1길 25-1, 건강원",2026-09-16
877,휴게음식점,GS25 옥천장야주공,"충청북도 옥천군 옥천읍 장야3길 8, 장야2주공아파트 상가동",2026-09-16
878,휴게음식점,카페골드,충청북도 옥천군 옥천읍 삼양로 61,2026-09-16
879,휴게음식점,그림뜰 앤,"충청북도 옥천군 옥천읍 성왕로 1313-1, 소정마을 1층",2026-09-16
880,휴게음식점,카페사월,"충청북도 옥천군 옥천읍 성왕로 1339, 주1동",2026-09-16
881,휴게음식점,투썸플레이스 옥천점,충청북도 옥천군 옥천읍 중앙로 159,2026-09-16
882,휴게음식점,옥천찐빵,충청북도 옥천군 옥천읍 삼양로 49,2026-09-16
883,휴게음식점,GS25 옥천무성점,"충청북도 옥천군 옥천읍 지용로 27, 무성",2026-09-16
884,휴게음식점,커피봉 coffee bong,충청북도 옥천군 옥천읍 향수길 77,2026-09-16
885,휴게음식점,강대박,충청북도 옥천군 동이면 옥천로 2286,2026-09-16
886,휴게음식점,라인업 휘트니스(LINEUP FITNESS),"충청북도 옥천군 옥천읍 삼금로 21, 5층",2026-09-16
887,휴게음식점,농원딸네,"충청북도 옥천군 이원면 신흥길 4, 상점",2026-09-16
888,휴게음식점,카페모해,충청북도 옥천군 옥천읍 교동1길 22,2026-09-16
889,휴게음식점,곰곰키친,충청북도 옥천군 옥천읍 대학길 18,2026-09-16
890,휴게음식점,씨유 옥천삼양타운점,충청북도 옥천군 옥천읍 삼양로 74,2026-09-16
891,휴게음식점,향수시네마,충청북도 옥천군 옥천읍 문정1길 47,2026-09-16
892,휴게음식점,한솔네호떡,"충청북도 옥천군 옥천읍 삼양로 86, 음식점",2026-09-16
893,휴게음식점,데이앤데이,충청북도 옥천군 옥천읍 문장로3길 8-4,2026-09-16
894,휴게음식점,카페토닥 ep2,충청북도 옥천군 옥천읍 관성로2길 4-28,2026-09-16
895,휴게음식점,카페시우시,"충청북도 옥천군 청산면 지전길 16, 보험회사",2026-09-16
896,휴게음식점,지에스25 옥천양수점,"충청북도 옥천군 옥천읍 양수로 56, A동 101호 (천일주택)",2026-09-16
897,휴게음식점,세븐일레븐 과수원점,충청북도 옥천군 군북면 옥천로 1104-1,2026-09-16
898,휴게음식점,BY. 앙글,"충청북도 옥천군 옥천읍 금장로 63-1, 1,2층",2026-09-16
899,휴게음식점,씨유옥천장야주공점,"충청북도 옥천군 옥천읍 장야2길 6, 옥천장야주공(1)단지아 101, 102호",2026-09-16
900,휴게음식점,들꽃향기,충청북도 옥천군 동이면 우산로 436,2026-09-16
901,휴게음식점,카페베네 충북옥천점,충청북도 옥천군 옥천읍 동부로 28,2026-09-16
902,휴게음식점,세븐일레븐 옥천삼양점,"충청북도 옥천군 옥천읍 삼양로 8, 낚시",2026-09-16
903,휴게음식점,1989역전 꼬마김밥 옥천점,"충청북도 옥천군 옥천읍 금장로 35, 상점",2026-09-16
904,휴게음식점,Binique(비니크),"충청북도 옥천군 옥천읍 성암2길 7-1, 1층",2026-09-16
905,휴게음식점,공차 충북옥천점,"충청북도 옥천군 옥천읍 금장로 51, 소매업",2026-09-16
906,휴게음식점,스마일꽈배기,"충청북도 옥천군 옥천읍 삼금로 26, 소매시장",2026-09-16
907,휴게음식점,이솝,충청북도 옥천군 군서면 곤룡로 353,2026-09-16
908,휴게음식점,세븐일레븐 옥천청산점,"충청북도 옥천군 청산면 지전길 46, 주택 1층",2026-09-16
909,휴게음식점,디저트39 옥천중앙로점,"충청북도 옥천군 옥천읍 중앙로 40, 1층",2026-09-16
910,휴게음식점,할리스충북옥천점,충청북도 옥천군 옥천읍 송신길 172,2026-09-16
911,휴게음식점,찐다방,충청북도 옥천군 청산면 지전길 37,2026-09-16
912,휴게음식점,월드도넛,충청북도 옥천군 옥천읍 옥천동이로 234-3,2026-09-16
913,휴게음식점,이석왕만두,충청북도 옥천군 옥천읍 옥천로 1555,2026-09-16
914,휴게음식점,이원사회적협동조합,"충청북도 옥천군 이원면 신흥1길 22, 상점",2026-09-16
915,휴게음식점,깐새풍,"충청북도 옥천군 옥천읍 관성로 53, 옥천군생활체육관",2026-09-16
916,휴게음식점,씨유옥천역전점,충청북도 옥천군 옥천읍 중앙로 4,2026-09-16
917,휴게음식점,정직유부 충북 옥천점,"충청북도 옥천군 옥천읍 중앙로 51-1, 좌측호",2026-09-16
918,휴게음식점,우슬초,충청북도 옥천군 동이면 선사로 50,2026-09-16
919,휴게음식점,업스테어,"충청북도 옥천군 옥천읍 관성로 50, 2층",2026-09-16
920,휴게음식점,타임 푸드트럭,"충청북도 옥천군 옥천읍 매동로 209, 상계체육시설",2026-09-16
921,휴게음식점,지에스25 옥천양우점,"충청북도 옥천군 옥천읍 마장로 14, 음식점",2026-09-16
922,휴게음식점,물원,"충청북도 옥천군 옥천읍 중앙로4길 4, 음식점",2026-09-16
923,휴게음식점,파스쿠찌 충북옥천점,충청북도 옥천군 옥천읍 성신로 86,2026-09-16
924,휴게음식점,옥천 맛있는 사회적 협동조합,"충청북도 옥천군 옥천읍 가화길 18, 상점",2026-09-16
925,휴게음식점,금강휴게소 상행 커피,충청북도 옥천군 동이면 금강로 596,2026-09-16
926,휴게음식점,아이스크림세상&커피공간,"충청북도 옥천군 옥천읍 장야4길 5, 1층",2026-09-16
927,휴게음식점,컴포즈 커피 충북 옥천점,충청북도 옥천군 옥천읍 삼양로 93,2026-09-16
928,휴게음식점,임옥희우리차,"충청북도 옥천군 옥천읍 삼금로5길 5-14, 옥천공설시장 주1동 109호",2026-09-16
929,휴게음식점,향수분식,"충청북도 옥천군 옥천읍 향수1길 29, 학원",2026-09-16
930,휴게음식점,얌얌푸드트럭 컴퍼니,"충청북도 옥천군 이원면 이원로 828, 제61회 충북도민체육대회 야구경기장",2026-09-16
931,휴게음식점,씨유 옥천청산점,충청북도 옥천군 청산면 지전1길 3 (지전리 85-7) 2층,2026-09-16
932,휴게음식점,한화커피,"충청북도 옥천군 옥천읍 중앙로 107, 상점",2026-09-16
933,휴게음식점,카페 해설피,충청북도 옥천군 동이면 세산2길 72-13,2026-09-16
934,휴게음식점,파이브 시즌,충청북도 옥천군 동이면 우산로2길 45-15,2026-09-16
935,휴게음식점,라운드커피,"충청북도 옥천군 옥천읍 성왕로 1347, 2층",2026-09-16
936,휴게음식점,카페287,"충청북도 옥천군 옥천읍 문장로 94, 1층",2026-09-16
937,휴게음식점,핑크제이,"충청북도 옥천군 옥천읍 관성로 53, 옥천군생활체육관(운동장 일원)",2026-09-16
938,휴게음식점,씨유 옥천 가화 현대점,"충청북도 옥천군 옥천읍 가화3길 20, 옥천가화현대아파트 상가동 1층 101,102,104,105호",2026-09-16
939,휴게음식점,이마트24 R 옥천하늘,충청북도 옥천군 옥천읍 동부로 16 (하늘빛아파트),2026-09-16
940,휴게음식점,이마트24 R옥천청산점,"충청북도 옥천군 청산면 지전길 69, 부엉이집",2026-09-16
941,휴게음식점,빨라쪼 옥천점,충청북도 옥천군 옥천읍 삼금로 44-1,2026-09-16
942,휴게음식점,캠핑클라쓰,"충청북도 옥천군 청성면 묘금3길 11, 청성초등학교 묘금분교 1층",2026-09-16
943,휴게음식점,타라북스&cafe,충청북도 옥천군 옥천읍 상야1길 40-4,2026-09-16
944,휴게음식점,신기리 호두과자,충청북도 옥천군 옥천읍 성신로 63,2026-09-16
945,휴게음식점,씨유 충북도립대점,"충청북도 옥천군 옥천읍 대학길 16, 상점",2026-09-16
946,휴게음식점,요거트 아이스크림의 정석,"충청북도 옥천군 옥천읍 금장로 40-2, 1층",2026-09-16
947,휴게음식점,이마트24 옥천현대점,"충청북도 옥천군 옥천읍 성암1길 32, 현대아파트 상가 101~104호",2026-09-16
948,휴게음식점,GS25 옥천매화점,충청북도 옥천군 옥천읍 옥천동이로 242,2026-09-16
949,휴게음식점,산들바람찐빵,충청북도 옥천군 이원면 묘목로 118,2026-09-16
950,휴게음식점,루나푸드,"충청북도 옥천군 옥천읍 관성로 53, 옥천군생활체육관",2026-09-16
951,휴게음식점,딸랑디저트,"충청북도 옥천군 옥천읍 양수로 30-2, 1층 5호",2026-09-16
952,휴게음식점,데이지,충청북도 옥천군 군서면 성왕로 508-2,2026-09-16
953,휴게음식점,노랑커피차,충청북도 옥천군 옥천읍 중앙로 99,2026-09-16
954,휴게음식점,"카페, 오월애","충청북도 옥천군 옥천읍 삼양로 47-4, 장애인복지관 1층",2026-09-16
955,휴게음식점,TYM,"충청북도 옥천군 옥천읍 서부로 49, 3층",2026-09-16
956,휴게음식점,카페 오블랙,충청북도 옥천군 군북면 비야대정로 271,2026-09-16
957,휴게음식점,카페닻별,충청북도 옥천군 옥천읍 관성로 4,2026-09-16
958,휴게음식점,유엘씨 커피,충청북도 옥천군 옥천읍 옥천동이로 36-11,2026-09-16
959,휴게음식점,호두네 호두과자,"충청북도 옥천군 옥천읍 삼양로8길 5, 음식점",2026-09-16
960,휴게음식점,씨유 매화휴게소,충청북도 옥천군 옥천읍 옥천동이로 234-3,2026-09-16
961,휴게음식점,제주떡집더함,충청북도 옥천군 옥천읍 중앙로3길 8-1,2026-09-16
962,휴게음식점,콩언니피자가게,"충청북도 옥천군 옥천읍 성암1길 32, 현대아파트 상가 1층 102호",2026-09-16
963,휴게음식점,지에스25 옥천삼양점,"충청북도 옥천군 옥천읍 삼양로4길 2, 1층",2026-09-16
964,휴게음식점,디저트 가게 아도나이,충청북도 옥천군 옥천읍 성신로 70,2026-09-16
965,휴게음식점,아빠커피앤디저트,"충청북도 옥천군 옥천읍 문장로 88-2, 1층",2026-09-16
966,휴게음식점,카페 휴,충청북도 옥천군 옥천읍 옥천로 1714,2026-09-16
967,휴게음식점,마을이음,"충청북도 옥천군 옥천읍 중앙로2길 20, 지역자치센터, 지역아동센터",2026-09-16
968,휴게음식점,쉼,"충청북도 옥천군 옥천읍 성왕로 1091, 옥천공업사 1층 2호",2026-09-16
969,휴게음식점,가치가다,"충청북도 옥천군 옥천읍 삼양로 47-4, 장애인복지관",2026-09-16
970,휴게음식점,씨유(CU) 옥천센터점,"충청북도 옥천군 옥천읍 중앙로10길 1, 음식점 1층",2026-09-16
971,휴게음식점,담다,충청북도 옥천군 옥천읍 삼양로8길 8,2026-09-16
972,휴게음식점,동네치킨,"충청북도 옥천군 옥천읍 금장로 114, 마트",2026-09-16
973,휴게음식점,옥천(부산방향)휴게소 제순식당,"충청북도 옥천군 옥천읍 서대구일로 265-19, 4호",2026-09-16
974,휴게음식점,두빛나래1,충청북도 옥천군 군북면 비야대정로 716,2026-09-16
975,휴게음식점,두빛나래,충청북도 옥천군 군북면 비야대정로 714,2026-09-16
976,휴게음식점,이마트24편의점(삼양점),"충청북도 옥천군 옥천읍 삼양로 32, 사무소",2026-09-16
977,휴게음식점,숨:Breath,충청북도 옥천군 옥천읍 장야1길 2,2026-09-16
978,휴게음식점,소담뜰,"충청북도 옥천군 옥천읍 가화4길 58, 옥천 가양 복합문화센터 1층",2026-09-16
979,휴게음식점,청산찐빵,"충청북도 옥천군 청산면 지전길 49-10, 청산찐빵",2026-09-16
980,휴게음식점,가드니,충청북도 옥천군 옥천읍 서대공원길 8,2026-09-16
981,휴게음식점,메가엠지씨커피 옥천역점,충청북도 옥천군 옥천읍 중앙로 5,2026-09-16
982,휴게음식점,(주)에이치오엔지앤컴퍼니 옥천허브지점,"충청북도 옥천군 이원면 건진2길 65, A동",2026-09-16
983,휴게음식점,세븐일레븐 옥천동이점,"충청북도 옥천군 동이면 세산1길 2, 공장",2026-09-16
984,휴게음식점,씨유 E옥천 IC점,"충청북도 옥천군 옥천읍 중앙로 119, 근린생활시설",2026-09-16
985,휴게음식점,옥천지역자활센터 카페프란스 삼양로점,충청북도 옥천군 옥천읍 삼양로6길 3,2026-09-16
986,휴게음식점,포포래유,충청북도 옥천군 옥천읍 성왕로 1189,2026-09-16
987,휴게음식점,미리네 잉어빵,충청북도 옥천군 옥천읍 대학1길 7,2026-09-16
988,휴게음식점,폴스 베이커리 카페,"충청북도 옥천군 옥천읍 삼양로 8, 1층 102호",2026-09-16
989,휴게음식점,tug cake,충청북도 옥천군 옥천읍 삼양로 53,2026-09-16
990,휴게음식점,얼음왕국,충청북도 옥천군 옥천읍 성신로 50,2026-09-16
991,휴게음식점,몽몽드,충청북도 옥천군 청산면 지전길 16,2026-09-16
992,휴게음식점,머뭄,"충청북도 옥천군 옥천읍 매동로 203, 지용제 축제장",2026-09-16
993,휴게음식점,다온푸드,충청북도 옥천군 옥천읍 관성로 53,2026-09-16
994,휴게음식점,베노커피,충청북도 옥천군 옥천읍 문장로 31,2026-09-16
995,휴게음식점,노브랜드버거 충북옥천점,"충청북도 옥천군 옥천읍 관성로 10, 주1동",2026-09-16
996,제과점영업,하얀풍차 과자점,충청북도 옥천군 옥천읍 중앙로 63,2026-09-16
997,제과점영업,고려제과,충청북도 옥천군 청산면 지전길 29,2026-09-16
998,제과점영업,태극당제과,충청북도 옥천군 옥천읍 삼금로 56-1,2026-09-16
999,제과점영업,파리바게뜨 충북옥천점,"충청북도 옥천군 옥천읍 중앙로 42, 1층",2026-09-16
1000,제과점영업,신바람난찐빵집손만두,충청북도 옥천군 옥천읍 옥천로 1652,2026-09-16
1001,제과점영업,파리바게뜨 제이마트점,충청북도 옥천군 옥천읍 관성로 5,2026-09-16
1002,제과점영업,윤식빵베이커리,"충청북도 옥천군 옥천읍 관성로 8-4, 상점",2026-09-16
1003,제과점영업,빵언니,"충청북도 옥천군 옥천읍 신기5길 3, 음식점",2026-09-16
1004,제과점영업,뚜레쥬르충북옥천점,"충청북도 옥천군 옥천읍 문장로 88-10, 소매점",2026-09-16
1005,제과점영업,홍미당(옥천엘마트점),"충청북도 옥천군 옥천읍 금장로 114, 마트",2026-09-16
1006,제과점영업,샌드한끼,"충청북도 옥천군 옥천읍 신기3길 26-1, 1층",2026-09-16
1007,제과점영업,뚜레쥬르 옥천 양수점,충청북도 옥천군 옥천읍 양수로 23-7,2026-09-16
1008,제과점영업,향수베이커리,충청북도 옥천군 옥천읍 문장로 76,2026-09-16
1009,제과점영업,상촌단팥빵,"충청북도 옥천군 옥천읍 금장로 39, 옥천신협 1층",2026-09-16
1010,제과점영업,솔담도랑,충청북도 옥천군 청성면 남부로 3063,2026-09-16
1011,제과점영업,플랜트 블루,충청북도 옥천군 안남면 지수1길 208,2026-09-16
1012,제과점영업,강이랑,충청북도 옥천군 군북면 성왕로 1873-5,2026-09-16
1013,제과점영업,베이커리&카페 벗,"충청북도 옥천군 옥천읍 상야1길 69, 이레빌라 1층",2026-09-16
